Gene,GSM461348,GSM461349,GSM461350,GSM1634925,GSM1634926,GSM1634927,GSM1634928,GSM1634937,GSM1634938,GSM1634939,GSM1701025,GSM1701026,GSM1701027,GSM1701038,GSM1701039,GSM1701040
C4orf33,10.9879,12.2338,6.20676,3.866505,5.052858,3.860439,3.610278,4.777216,5.235132,5.96209,1.80215,1.72736,1.78336,2.12476,1.98074,1.88793
RDH10,13.9704,12.5634,13.7891,4.823292,4.109368,4.476694,3.837235,5.823161,4.237443,5.664097,1.66524,1.67185,1.61167,2.30137,1.78833,1.52967
ANKAR,10.6009,12.204,15.3199,4.002093,4.885364,4.096682,3.297262,4.908102,4.476362,5.032883,2.13337,1.94228,2.19849,2.13337,1.98565,2.44497
PTPRC,14.5597,9.79863,16.3152,4.714504,2.897484,3.161006,4.10207,2.962057,3.196703,3.412039,1.43761,1.57043,1.59059,1.76759,2.51191,1.71874
CPA6,14.483,18.1402,13.7362,9.44486,9.962327,10.65987,10.02107,10.91025,10.29753,9.800626,1.76072,1.75257,2.11737,2.24458,1.84663,1.44758
WBP2NL,13.1301,45.9884,30.4879,5.599238,7.949703,8.711231,4.541076,7.975001,8.874582,8.149518,2.29446,2.8432,4.28199,3.30241,2.56038,1.90799
TIGD4,3.49976,6.41037,3.44665,6.155777,9.167468,9.374791,6.703219,9.945643,10.37283,10.85637,2.09182,1.50924,1.86695,2.36086,2.53551,2.85432
MIPOL1,6.48501,3.87056,1.71982,9.86442,6.956898,6.098254,9.157993,6.094441,7.797205,5.329339,1.82655,1.38622,1.85573,2.68547,1.93384,1.55706
MMP21,2.02817,2.3379,4.08832,5.45663,5.465034,5.603587,5.603062,6.138917,5.659161,5.800503,1.97158,1.73022,1.95484,2.54425,1.80187,1.78129
PCDHGB7,1.43447,5.69046,1.04397,5.852011,7.847466,10.00441,6.823927,9.214849,8.984291,9.258951,1.58667,1.6575,1.76432,2.22173,2.21185,1.58645
LRRC7,5.82794,7.42686,3.90254,5.350476,7.283035,6.687229,4.716925,7.08019,7.202211,8.107698,1.70296,1.90799,1.72712,1.95624,2.22986,2.00452
DIRC1,8.64323,13.6365,9.99738,7.324836,8.33082,8.858649,7.724973,8.651064,8.737183,8.191481,1.69133,1.372,1.55829,2.62662,1.97117,1.7509
DNAJB7,8.7313,11.8425,12.8853,7.360537,5.653738,6.539638,6.619837,7.712551,7.180904,7.326819,1.77922,1.63546,1.49233,1.69756,1.8029,1.99531
SLC2A13,8.27892,4.12339,2.03907,4.78889,3.922359,4.666755,4.830509,4.315634,3.113906,3.340613,1.70268,1.84849,1.86695,2.34908,1.92778,1.88681
HS6ST2,11.5736,9.97062,12.1363,5.237596,7.83235,7.211048,4.997469,7.213884,5.105413,5.434432,1.85013,1.75272,1.85013,3.43282,2.29733,1.8657
ZNF417,4.33011,0.299494,4.67924,5.237596,7.773118,7.749078,5.314418,9.135142,9.056352,8.968785,1.81518,1.77778,1.47599,2.38971,2.12325,1.82519
CILK1,13.9541,17.7864,9.66606,4.558979,9.760122,9.515775,4.466938,9.353206,8.546885,8.510426,1.54119,1.49878,1.58991,2.21223,1.74214,1.55104
FMR1NB,9.46839,4.6152,4.18844,7.334024,6.710976,7.140189,7.447624,8.332121,9.129453,8.360204,1.93864,1.6925,1.86193,3.30241,1.93471,1.72972
MAGEB18,6.96047,7.41801,3.59602,3.170877,2.567331,3.990262,3.178012,5.626035,5.648654,8.122462,1.48234,1.52606,1.75197,2.50207,1.89369,1.7924
RIMS1,10.3459,10.6001,8.09055,9.259006,12.03417,11.84435,9.781868,11.87538,11.54241,11.9626,1.73598,1.80681,1.82875,2.22377,2.31408,1.92686
ANGPT1,8.49644,14.3525,14.5524,7.015079,11.28583,11.74027,9.152889,11.18519,10.97947,10.50591,1.59698,1.63928,1.6728,1.90359,1.74214,1.51111
LINC02551,2.48402,3.39963,7.60051,4.632122,4.413867,3.712873,4.82569,5.39225,3.188733,3.614848,1.48539,1.37888,1.90177,1.63735,1.7731,1.62697
STARD6,14.5672,10.1128,24.6419,5.608426,8.230064,8.079234,4.88522,9.360422,7.823333,8.394733,1.94012,2.02647,1.9517,2.62921,1.85266,2.0415
KDM1B,13.9871,20.629,24.7918,9.00918,11.23474,10.79841,8.382773,11.49658,10.62383,10.32219,2.09334,1.68007,1.92727,1.83972,2.30354,2.08748
CCDC7,8.72626,5.56239,7.52178,4.099521,3.052829,2.736299,3.781321,5.738895,6.542487,5.282722,2.68854,1.75825,2.13547,2.22515,2.31803,2.32113
LINC00052,11.7229,6.84003,5.61982,5.39385,8.982263,8.986444,5.996312,9.914173,8.488073,7.826648,1.86189,2.22378,2.04266,3.03456,2.02505,2.36135
ERVV-1,12.3427,10.5057,14.2059,4.424282,6.923819,6.979351,4.139176,7.874201,9.743412,8.453775,3.40697,3.27261,3.36686,5.10979,3.36901,3.67934
C2CD6,8.96232,13.8271,18.1276,6.03765,4.6179,4.26315,5.890734,4.40043,3.58227,4.598543,2.12629,2.08956,2.3451,5.26963,2.42355,1.94796
CNOT6L,2.38465,6.5487,7.23926,7.975243,10.50704,10.70745,7.87171,9.303787,8.64397,7.33328,1.3662,1.91457,1.7302,1.93847,1.63453,1.45244
SSMEM1,4.06054,5.02153,2.64705,7.848614,6.446833,6.839019,7.416006,6.587737,6.716734,6.711641,1.79278,1.8261,1.87839,2.04626,2.19196,1.94544
SLC17A8,14.129,6.27377,10.18,7.479913,9.801999,9.206343,7.69043,9.607023,10.11652,9.240774,1.4408,1.42843,1.72886,2.56997,1.64591,1.68865
AQP4-AS1,14.4047,15.6868,13.8527,4.832439,5.661286,6.532131,4.691982,7.730476,4.45237,5.725171,1.63662,1.3535,1.64217,1.92404,1.96598,1.85638
CNTNAP4,2.63336,3.65927,1.41806,6.230365,9.673779,9.946032,6.37531,9.57964,9.736159,9.637851,1.54119,1.49878,1.49233,2.44954,1.9437,1.65783
LINC01931,10.656,6.01253,13.2269,4.764576,4.423415,6.93083,5.338111,3.859365,4.216135,4.586512,2.38859,2.74101,2.24429,3.34941,2.29409,2.66959
GRIK1-AS2,12.0475,6.99844,15.6905,8.054017,12.0773,11.81695,10.08731,11.77752,11.13331,11.81046,1.53402,1.67419,1.82081,2.57062,1.48084,1.67453
FAM98B,1.45635,3.97637,2.40278,8.200375,11.03413,10.98129,8.57637,11.59975,10.54117,10.31353,1.53892,1.60975,1.71775,2.01185,1.86652,2.20236
SYT14,12.212,6.76507,13.1823,6.87522,10.76061,10.50655,6.827641,9.191998,9.799211,9.777072,1.71891,1.49878,1.9533,2.87916,2.0923,1.66527
CCSAP,14.1743,24.3843,18.3597,3.76683,6.402137,4.906239,3.540054,6.719461,6.994478,7.252786,2.04397,1.85705,1.83387,2.14796,1.946,2.08956
CCSAP,14.3254,22.9394,39.6714,5.207006,6.887111,6.303273,5.937577,5.657937,3.196703,4.343472,2.10811,1.64023,1.84174,2.1236,1.74214,1.86311
RNF152,11.7198,9.96884,11.5945,5.160488,7.191011,7.112169,4.503591,6.760617,6.865376,7.938391,1.86066,2.22726,1.86066,3.07351,2.05383,1.83058
TBC1D32,14.1584,19.9024,21.7356,4.737209,9.401676,8.771082,6.254161,10.13329,9.955357,9.611286,2.54305,2.5349,2.20854,1.93928,2.5103,2.16429
KLHL32,13.9338,12.3752,11.2103,7.295267,5.66174,5.972909,7.15623,5.769412,5.524334,5.208018,1.98179,2.14381,2.20604,1.88747,4.13831,5.32857
GK5,14.6239,29.3809,24.938,8.242715,6.271041,6.527529,7.48283,6.2222,6.241179,5.898618,3.0584,3.02326,3.59653,3.20784,4.95439,3.62314
ZC3HAV1L,4.22906,8.3295,24.227,8.732754,7.519245,7.955413,9.625336,9.420149,10.95722,11.09964,1.76267,1.72753,1.72341,1.94533,1.4534,1.49318
RASGEF1B,9.86265,12.2363,21.3566,4.604886,3.989686,7.542867,3.678581,4.587005,2.747751,4.832862,2.29515,2.29224,2.14596,2.92721,2.47846,2.45022
RTP1,7.61949,7.13118,10.0037,9.083075,6.470557,6.667119,8.344267,5.734729,6.929355,7.020113,1.63149,2.13505,2.04457,3.19629,1.63765,1.79951
MAGEA2B,14.2148,13.821,15.3974,2.87195,7.850211,6.766792,3.310504,6.591093,5.118658,4.989997,2.72938,1.93196,2.14554,1.88747,1.8195,1.65718
SPIC,5.84918,9.83319,4.16771,7.847738,5.857724,7.919228,7.926777,7.688455,7.439077,7.086455,1.79278,1.62316,1.86644,2.02107,1.42497,1.62697
KIAA0825,11.6703,7.1492,11.3358,3.618061,2.933435,3.492055,4.256289,3.375019,5.037389,4.63891,1.56961,1.44303,1.38224,2.05056,1.946,2.07108
CFAP65,6.47191,8.79897,9.86857,5.32623,5.597715,5.592758,5.314418,5.145592,4.969266,5.353823,1.60297,2.29224,1.6906,4.05436,2.03099,2.23692
LINC00955,11.2494,13.9744,15.909,6.533717,8.951978,8.1184,6.761069,7.916324,8.559631,7.605648,1.78215,1.79035,2.04807,1.92698,1.36885,1.68753
C10orf126,2.77595,0.553364,2.96209,11.71736,9.828043,10.22176,11.62709,9.647788,9.31298,10.66957,1.57599,1.5088,1.48771,1.88747,1.946,2.00726
RHOB,13.4227,15.5551,10.1999,6.339111,6.379054,6.496256,5.909349,6.36063,7.221452,7.06362,1.66367,1.82185,1.71506,2.22173,1.8935,1.83417
TTC37,6.76152,7.76403,10.2657,5.165954,4.546484,6.585519,5.099734,6.788826,5.067302,6.328518,1.94012,2.09142,1.85318,2.94955,2.72097,2.09524
SPIN3,4.93418,5.26843,7.15448,11.47596,9.12034,9.590469,11.19713,9.891545,10.6307,9.617575,2.76427,2.94728,3.18439,3.09715,2.95139,2.89288
SSH2,5.74471,8.31932,17.5863,6.796712,8.013318,6.599617,7.251521,6.922588,8.363332,7.669524,2.32755,2.29224,2.96289,2.67383,3.11839,2.51325
CCSER2,11.3217,31.9146,32.057,3.128073,2.296617,2.292062,3.199566,2.657837,3.681717,2.534104,1.53701,1.49529,1.60561,1.63735,1.63063,1.96819
RUFY2,9.02486,10.7624,29.7428,8.312726,12.49268,11.90637,9.209616,9.965131,10.5742,9.813792,1.5848,2.06638,1.72341,1.39876,2.32775,1.72732
SUGT1P3,6.70906,9.47848,5.93454,8.592112,6.988486,7.49933,7.263972,5.73805,6.157535,6.302474,1.35002,1.66319,1.60411,2.26176,1.43166,1.55168
ERAP2,12.929,17.4987,10.927,4.577514,9.12565,6.338218,4.594341,6.941198,6.579693,7.158159,1.56244,1.75765,1.7401,3.14165,2.22269,1.83704
CYP19A1,6.05048,4.94686,8.93132,4.400214,7.758285,6.717381,5.436812,7.986126,7.735976,7.619101,1.72481,1.74214,1.75784,3.30241,1.69149,1.74214
C6orf141,8.44664,0.0294287,0.551099,5.682055,10.73888,9.358123,5.942407,9.395455,9.490241,9.116899,2.10296,2.30963,2.21065,4.3071,2.5541,3.70827
RPS6KA5,4.41592,5.60499,11.8184,5.643264,5.17419,3.543949,6.011561,2.809374,4.086861,2.427831,1.70928,1.91264,1.84148,2.61524,1.70928,1.8558
DYNC2LI1,11.6087,8.77636,6.59641,6.527796,10.55126,7.440837,6.061291,8.95833,8.968288,9.882573,1.77935,1.93196,2.20604,2.33572,2.62428,1.87911
COG3,10.0505,16.349,10.866,5.904034,9.257635,8.928718,5.686514,8.701856,9.539174,9.804649,2.07485,2.18626,2.35233,2.22173,1.96972,2.29611
SIAE,13.0516,23.6024,44.4866,6.131545,9.072293,10.69764,6.988854,9.8038,9.717628,9.291704,2.60428,2.04632,2.10756,4.49646,1.65069,2.18515
BTG4,6.16035,12.7895,5.87463,4.302901,7.493805,7.429207,5.458388,7.607339,7.121003,7.762761,1.98098,2.08885,1.67845,3.05912,1.72732,1.922
MIER3,7.75842,7.97842,12.5895,6.527061,9.711031,9.389786,7.781519,8.408657,9.030875,9.492893,1.54772,1.90451,1.81831,1.81831,1.57043,1.72536
ST8SIA4,13.5758,15.0058,8.59791,8.124453,9.846941,9.331139,8.999351,9.152117,8.50684,10.0721,1.91961,1.95908,1.88747,1.88747,1.63424,1.84873
NAALAD2,4.09609,0.975062,3.07445,7.740109,7.018201,6.279748,7.060919,6.80929,8.511789,8.550648,1.52087,1.38838,1.64755,2.81879,1.66628,1.61551
CNNM2,10.1134,16.2922,6.35287,7.60123,8.722975,8.351583,7.161891,8.693802,9.613192,8.864252,2.0566,2.13126,1.95894,1.80455,2.18426,2.25326
OLFM3,12.3287,18.0863,12.6029,5.052409,11.23934,10.65923,6.160624,10.64163,10.3233,11.34113,1.7806,2.31178,1.81293,3.43081,1.37191,1.83644
OLFM3,9.01326,11.5538,26.3097,6.279507,12.28626,11.61354,6.437899,11.13257,10.72107,11.58362,1.55366,1.682,1.50479,1.89994,1.76535,1.69279
DNAH14,8.81579,7.78245,5.9516,5.890766,7.092829,5.331541,4.975119,7.448383,8.584707,8.401798,1.81347,1.52857,1.71972,1.64183,1.81633,1.62697
MBTPS2,13.2852,11.1709,13.2911,5.589449,8.033879,9.829874,7.158646,10.15571,8.433503,9.31632,2.14592,2.0393,2.27257,2.74915,2.01856,2.29095
MBLAC2,10.6611,12.9384,7.40601,5.752122,6.727217,7.619633,5.88824,7.127908,6.270271,8.044498,1.55832,1.7122,1.61466,1.7743,1.76055,1.76512
ZFYVE16,10.1544,20.1425,9.1902,7.291473,10.09358,9.284324,7.791476,8.944935,8.591228,8.041983,2.11493,2.29224,2.41038,4.38165,3.56041,2.46588
GGA1,11.5067,32.7168,21.0686,5.620302,5.803278,5.690106,4.696117,6.007951,6.211115,6.613627,2.63834,2.253,2.3432,2.37494,2.27407,2.52038
CDH7,13.8036,9.29407,8.83072,6.762383,9.47007,8.834232,6.876901,8.903913,9.067556,8.783115,1.51688,1.51811,1.582,2.24106,1.90977,1.50064
LINC02363,2.9004,0.185341,5.6015,8.128679,4.491692,5.902383,7.454628,6.073792,6.952743,5.585538,1.60102,1.55929,1.84541,2.16733,1.68802,2.29224
INPP5A,14.8007,13.5512,17.0409,5.625986,5.527676,6.185446,5.367794,5.532342,5.973464,5.355384,1.79732,2.06749,2.02938,2.26583,2.07628,1.74243
PHLDB2,11.6834,7.33835,5.05341,10.0551,7.784406,10.43315,9.476449,4.482428,6.156745,6.954962,1.42795,1.62896,1.60561,1.92845,1.61141,1.68257
CASS4,12.32,23.7182,18.5982,8.962919,6.029309,7.161223,8.139071,8.009031,7.679405,6.92524,1.87947,1.95283,2.02023,3.19188,1.81145,1.92215
UBE3C,2.50829,12.7008,32.7484,4.039702,4.744791,5.198984,6.139556,5.450402,5.145474,6.20813,1.76318,1.92093,1.48129,1.80515,1.86844,1.6926
SYT16,14.1344,22.7249,32.087,8.956018,6.99743,7.117843,8.601583,5.81572,6.024638,5.97157,1.69406,1.93204,2.27424,2.123,1.72457,1.80926
AGBL3,14.3024,15.1277,11.7392,5.097598,2.830085,5.415217,4.366259,5.670076,7.400636,7.516262,1.6766,1.49878,1.67323,3.0338,1.85151,1.99507
PHTF2,5.02463,12.7228,5.44553,4.354177,4.564926,4.429124,3.543827,5.848742,6.408871,5.949155,2.48208,2.49031,2.61763,3.85916,2.7349,2.6366
EYA3,14.1766,23.0744,13.1001,4.01561,5.251568,4.7368,4.039336,8.544283,8.184753,5.390149,2.38667,2.03596,2.01968,3.65773,2.92191,2.10483
SCEL,4.47036,3.79718,7.89584,6.299306,5.72121,5.301052,6.745308,9.02874,6.778371,5.979779,1.59774,1.61426,1.59274,1.7568,2.07538,1.51111
SCEL,10.507,4.00504,5.98672,4.448455,3.322327,3.285651,4.091989,3.557003,2.695172,2.984537,1.91208,2.68062,2.29413,3.13657,2.20604,2.00799
ZNF678,8.78014,27.2713,20.7978,5.014895,9.841778,8.689261,4.909276,8.950974,7.471372,9.141022,1.99327,1.49878,1.72341,1.95491,1.57043,1.70571
EQTN,10.7208,10.4283,15.5401,7.230148,9.528463,8.110635,6.683607,8.937356,8.116298,9.212255,1.63958,1.51139,1.50484,1.50624,1.55172,1.53928
RBL1,0.220744,4.87191,4.61846,5.309648,10.4982,10.07815,5.004358,9.314181,9.346124,10.30366,2.35901,2.2156,2.72478,2.60835,2.33458,2.16329
OR2C3,11.7503,13.4181,16.9159,5.544057,6.451358,10.54202,6.754072,6.189357,7.148542,6.862442,2.08956,1.83844,2.23162,3.30241,2.26127,2.08956
ADAM22,6.17838,5.46399,7.00625,4.231799,3.22365,3.640599,4.588932,9.900801,8.442123,8.125593,1.5741,1.8429,1.72381,2.37316,1.921,1.76512
AVL9,4.86448,8.07803,8.3105,4.981833,4.417865,7.591811,5.302397,6.912814,5.830833,7.257885,1.59134,1.85067,1.84876,1.86445,1.84422,1.84062
FGF7,4.46489,9.76477,10.5126,6.523334,8.151374,7.520751,6.625762,7.66395,8.27665,9.210189,1.56555,1.69088,1.76987,2.5235,1.7342,1.75719
FGF7,11.5315,18.4483,10.8701,3.247261,3.270811,3.096246,3.601341,4.714843,3.736311,4.294338,1.54119,1.62975,1.68795,1.91952,1.76606,1.70673
KLHL3,12.7508,15.5636,15.8905,6.133167,6.998534,7.83866,6.410169,7.070724,6.486944,8.723166,1.83297,1.76916,1.86549,2.94337,1.8429,1.86363
CCDC181,10.2719,13.7234,14.9379,4.569777,3.437669,7.402793,5.755306,3.962194,3.688264,4.885631,2.09196,1.56734,1.73,2.29029,3.03903,2.5901
SLC11A1,9.45932,10.8698,15.7738,6.213472,10.06591,11.48443,6.966863,9.816401,9.508019,8.41472,1.88777,1.95043,2.10867,3.25235,2.33127,1.70036
ENTPD3,10.6133,17.8757,7.17772,6.174664,9.412089,8.304391,6.930629,9.282175,6.200632,8.995835,1.98912,1.93842,1.94356,3.63028,1.995,2.25768
FCHO2,14.3606,15.2234,11.1547,4.648692,2.98796,3.418735,2.964676,2.419448,3.018816,2.501247,2.56322,2.4583,2.66774,2.86869,4.20823,2.74051
ZNF277,9.48031,22.4185,10.3484,8.476253,7.7584,8.079361,7.57002,7.694735,5.71735,4.337787,2.55922,3.23577,3.30241,3.30241,3.53698,2.67605
TTF2,10.0487,17.817,24.2895,6.108696,6.279277,5.840713,5.546984,6.786755,7.07409,7.098054,2.31418,1.93196,1.84531,1.66488,1.68318,1.77586
DDX53,13.2128,9.91787,6.05493,9.821027,10.03879,9.854889,9.718703,9.737844,8.22187,8.352152,1.63679,1.49081,1.7472,2.22173,1.54893,1.48961
C11orf58,12.1181,26.4085,18.1488,5.237596,5.389323,6.845943,5.282136,7.390222,7.400373,8.077663,1.54119,1.65133,1.79518,3.30241,1.88166,1.62697
BAGE,14.9805,2.88623,0.266775,4.447337,4.413845,4.140615,5.118126,3.785151,3.703695,3.942592,1.70893,1.8527,1.95952,1.69301,1.96799,2.08956
SHISAL2A,14.7177,13.1844,11.5104,8.932429,9.900835,9.81861,9.253229,10.1314,9.61237,8.47921,2.60825,2.57608,2.29223,4.34568,2.43252,2.42687
POF1B,9.53652,7.03741,8.88958,5.688453,5.416709,5.394013,6.437105,6.540459,8.265526,7.037035,1.69793,1.62316,1.95648,2.12054,1.81844,1.53212
FBXL21P,10.8974,2.46084,3.98771,7.29214,10.7409,10.54561,7.402047,10.19845,10.37135,10.49094,2.04832,1.4375,4.03066,2.13488,2.65386,1.76512
LITAF,12.6434,12.3189,20.6989,7.052613,8.141543,9.194421,7.574715,9.095298,8.077485,9.494401,2.15123,1.80816,1.62366,2.58018,2.09175,2.09963
FMN2,14.6095,11.4321,11.6148,4.535363,7.445554,7.603412,5.968427,8.865164,7.398525,7.900328,1.49965,1.74755,1.55171,2.31059,2.17293,1.97969
TYR,5.96852,10.2696,7.88441,6.471243,4.580648,4.870105,4.317799,4.854829,4.29172,4.75348,1.53272,1.58941,1.32188,1.38524,1.83277,1.71761
FAM9B,13.1035,10.9862,13.5506,7.87888,7.783724,11.40674,7.965888,7.346759,5.020666,7.502322,1.60441,1.89416,2.00241,2.13691,1.57079,1.68984
UGGT2,5.83392,7.99874,8.2177,6.369507,6.357784,6.878075,6.63105,7.861928,7.128689,6.071041,2.31238,1.8599,2.11226,2.59399,3.58237,2.19847
CA6,10.3869,13.6089,21.2205,5.375645,5.061828,8.150046,7.45115,5.696158,4.531817,4.764048,1.76571,1.82668,1.71685,2.11199,2.04442,2.23589
SCRN3,11.6923,13.7564,19.6941,7.116319,11.5874,11.14083,7.160936,11.06706,9.083415,11.19064,1.94012,1.94694,1.9332,2.1678,1.98589,1.75471
FOXP2,13.6689,18.1624,13.0502,6.971729,8.957735,8.698867,5.547968,8.173252,7.632485,8.902151,1.79278,1.8162,1.86695,2.02307,2.42672,1.73178
CLEC4C,6.93164,10.576,7.94125,5.09448,4.319224,4.756004,5.314418,4.356112,3.637517,3.354824,1.57054,1.68843,1.79453,2.49719,1.5882,1.64577
AP1S3,11.0301,16.4664,10.9616,7.117864,5.181693,5.123054,6.230856,6.267282,6.339628,6.364625,1.93842,2.03048,2.24257,2.12871,1.946,1.97773
SF1,13.9681,18.8636,12.5071,5.09448,4.272257,3.608397,4.096153,3.688638,3.656974,3.863296,1.68652,1.76916,1.66504,4.24697,1.88747,1.3677
POSTN,13.6631,18.4826,21.4409,4.584034,5.708557,7.458545,5.341436,8.382129,9.146491,8.106445,2.42248,2.7548,2.98181,3.38863,4.85391,4.1822
ZNF385B,13.4282,12.9844,11.0968,6.797441,9.802715,9.173152,7.444695,8.472911,7.327394,8.445154,1.56821,2.30123,1.6113,2.04918,1.76916,1.76227
PRKCA-AS1,3.94612,5.5962,6.33613,4.035118,7.958045,7.029017,4.862704,7.066802,7.001582,8.506132,1.49878,1.49878,1.62337,1.79634,1.58213,1.54411
RPP30,7.18537,11.1736,9.84577,5.347196,4.648549,4.141093,4.852893,3.684327,4.061447,4.129092,1.44789,1.74835,1.62554,1.99969,1.946,1.75784
RAB11B-AS1,10.0117,6.97082,6.43917,6.399479,7.930489,7.66768,6.295388,8.105259,7.844706,7.360745,2.32691,2.57287,2.44397,3.81458,2.35105,2.26958
LOC101927516,0,0.47296,3.16835,2.864153,2.975096,2.630493,2.692495,2.192571,1.98215,2.385111,1.30533,1.72929,1.54429,2.27369,1.6734,1.51867
STEAP4,12.3553,216,116.363,6.613146,7.029062,6.707875,7.572402,8.165698,8.094736,8.062329,1.45209,2.78725,1.86695,2.81438,1.74214,2.63055
ZNF555,13.5718,11.4632,9.47923,4.085549,5.100048,4.872756,4.284291,5.623354,4.869747,4.377498,1.68934,1.60656,2.58285,2.71188,2.98054,2.09021
LINC00408,11.1702,7.73641,7.59439,2.218734,4.57939,6.218069,2.898035,7.039782,6.377948,7.005991,1.5194,1.49878,1.60561,1.61557,1.45767,1.51132
FGFR1OP2,8.68328,8.86302,8.19586,4.771914,3.028957,3.048089,4.229233,3.19589,3.299747,2.822166,1.72732,1.84893,1.56946,1.822,1.72732,1.68652
SIM1,10.6537,10.0427,10.5281,6.609033,11.56493,11.15542,7.314768,11.04245,11.59471,11.44723,1.83868,1.64967,1.76742,2.10224,1.62806,1.76766
FILIP1,13.5186,12.2128,28.0975,6.22916,8.172743,9.118306,6.561054,8.997868,9.434379,9.185178,1.73855,1.93196,1.60575,3.81098,3.38005,3.13361
PCDH10,2.40051,1.34141,0,4.620833,3.677171,3.780066,3.73857,3.626924,3.357589,3.616154,1.74914,1.67229,1.55801,2.22223,1.52541,1.83081
PCDH10,10.4396,16.7107,2.90022,5.424103,4.124671,4.025411,5.22788,4.707587,4.493861,4.547688,2.3597,1.62154,1.88176,2.51051,1.72335,1.58265
HCN1,8.30872,7.79991,11.8224,5.756884,4.896842,5.38025,5.461273,5.151248,6.193634,7.725069,1.61607,1.779,1.71039,1.85534,1.74214,2.03717
C6orf89,11.9578,8.55047,15.3451,3.646603,4.095154,3.920586,3.722653,3.494632,3.348128,2.45758,2.71974,2.79207,3.59947,3.62127,2.73071,3.69678
LY86-AS1,9.01549,11.9209,10.3163,3.191415,3.65094,3.140402,3.599782,2.55635,2.447381,2.646663,1.55945,1.84029,1.96533,3.76749,1.92677,1.51111
LINC00606,14.6949,18.8946,17.7002,6.714424,5.414615,5.603263,6.712767,4.724978,4.439071,5.284554,1.92995,1.95391,1.6721,2.19422,2.45052,1.85661
LINC01138,4.84653,10.3792,10.1104,5.824459,5.337753,5.028538,5.904746,4.6911,4.451285,4.88607,1.68772,1.75137,1.92021,2.63516,2.04264,1.90799
LOC105376166,13.4696,15.1845,51.3409,7.909109,5.646924,5.78022,7.891468,5.240707,5.745266,5.416419,2.93632,2.72754,3.08366,3.43118,4.53594,4.34927
LOC285097,9.09609,5.51538,5.55229,6.377498,9.686327,10.12432,7.189699,9.881752,9.330112,10.40326,1.70704,1.62316,3.6741,2.57986,3.03415,2.33444
NDUFAF6,14.7912,10.7752,2.84079,7.50027,8.629753,9.461244,6.620193,9.029644,6.717201,7.91233,2.13536,2.86076,1.91146,3.30241,2.0899,3.30263
GPRIN3,5.64261,4.35732,7.83039,8.054017,6.212448,6.34761,8.039177,7.570274,6.062451,6.160447,1.36098,1.53008,1.34549,1.92304,1.78417,1.51111
FBXL13,14.1579,15.2467,14.1506,7.544726,5.797339,7.712566,7.613597,6.705761,6.792593,8.669164,3.10162,3.5045,3.02055,3.30241,5.36681,3.04325
DLEU2,14.7058,19.8706,13.478,4.309603,2.980614,3.923074,4.68487,9.835915,10.6121,6.586957,2.21299,2.98167,2.37941,4.63803,3.59499,2.77322
DSG2-AS1,11.4826,13.8529,18.4914,3.492073,2.243608,4.591523,3.461196,7.190152,7.65382,7.272564,1.8951,1.87517,1.88094,3.45752,1.57043,2.31076
APCDD1L-DT,14.2214,14.7658,18.2858,5.669047,4.291483,5.207498,6.538222,4.273565,4.404682,3.934409,1.63597,1.67741,1.81363,1.48238,1.77845,1.31783
LINC01990,3.35116,4.25126,5.83098,7.240536,10.89137,9.867405,6.838151,9.832359,10.43179,10.42101,1.40579,1.45534,1.63726,1.66339,1.8106,1.65863
C5orf47,7.69425,17.9631,27.1213,8.236234,11.16815,10.09824,8.657104,9.58003,10.12991,8.351465,1.58166,1.62316,1.86695,2.38744,1.62156,1.778
SLC26A4-AS1,13.3392,19.2834,15.5655,5.07134,9.94498,10.59533,4.875926,10.27184,10.96139,11.08286,1.80592,1.69909,2.19528,2.7372,1.6613,1.96543
PDCD4,9.43388,14.346,8.93159,5.595277,10.55754,10.35434,6.176394,10.89717,10.83299,11.06107,1.8962,1.76916,3.19229,2.93826,2.63005,2.63151
C11orf87,3.47527,8.44987,10.4198,11.24462,12.40931,11.90656,10.81607,12.17617,12.01192,11.67313,1.57869,1.56001,1.5762,1.62925,1.91593,1.6849
MEIOC,10.5444,12.6673,5.77989,3.58285,9.367607,3.203359,3.849997,6.578332,6.114371,6.876387,1.69796,1.66282,1.60561,2.22461,1.7818,1.54406
FANCB,6.49254,9.54228,15.6315,7.036766,9.002768,8.74873,5.793062,9.362608,8.888435,8.966418,2.0209,2.44164,2.09592,2.22173,2.95873,1.97944
AREG,5.6586,1.71965,16.9375,6.253023,8.183638,7.548946,5.8483,8.437215,8.275238,9.198807,2.25953,2.52798,2.02938,4.13399,2.35602,1.76512
DPY19L2P3,14.2469,22.2208,18.7628,6.328066,8.701093,9.189277,5.098189,8.198421,10.6373,9.866533,2.34347,2.01864,2.41369,2.0876,2.60679,2.10798
ALDH1A2-AS1,6.98955,4.41479,9.76023,4.753602,5.378947,4.278172,4.182122,7.503279,6.024255,6.70964,1.80952,2.07822,1.9833,1.75738,2.27101,1.71612
CCDC144BP,6.44987,6.14695,11.3034,3.772802,10.98991,4.680634,4.830509,3.155808,2.985008,2.943839,2.48132,1.49878,1.41083,4.82161,1.946,1.77033
LINC01487,12.6392,13.8833,16.468,4.292513,10.06988,8.163136,4.958193,3.699202,5.946606,8.606441,1.94012,1.94315,1.8976,3.08146,2.07426,1.93911
TMEM59,6.27773,6.83199,6.55004,4.963991,9.196905,8.838587,5.293417,9.164409,8.832828,9.525787,2.01302,1.97497,1.97045,2.07994,2.01302,2.08956
LOC100507634,13.4136,9.99135,4.1449,3.730206,6.326993,7.646041,4.269607,6.49175,4.944454,5.406499,1.98194,1.46472,1.60684,2.22173,1.35539,1.75484
SLC26A5-AS1,6.95369,29.8083,12.9764,3.911985,9.061864,9.331638,4.012325,8.664005,8.181462,8.286466,1.54201,1.62411,1.63667,1.92108,1.71477,1.72149
LOC101928002,14.3728,11.5224,7.45016,4.928558,10.06762,9.730552,5.371508,9.252886,9.11867,9.662119,2.02044,1.65114,1.98832,2.1765,2.24319,1.78461
LINC02436,8.90835,4.67899,5.55357,5.662398,6.162924,8.440348,6.587055,9.706939,8.273151,8.196203,1.84725,1.99195,1.7834,1.89027,1.70686,1.7834
GATM,5.969,4.09067,7.54226,9.33138,8.000555,7.783057,8.98831,6.632224,6.795315,7.713771,1.49138,1.54012,1.97288,2.22173,1.60054,1.88107
MARCHF7,9.59199,3.47688,3.24105,5.607666,7.229795,7.371074,5.700357,8.873981,9.914476,9.229144,1.93859,2.28722,1.98101,2.14362,2.33403,2.08956
LINC00550,4.89596,10.9191,7.1422,5.698795,6.697791,5.772597,5.922344,6.630613,4.879801,5.90234,1.60236,1.72157,1.60561,2.72744,2.0022,1.92355
UST-AS1,10.1115,10.6469,11.3589,7.223573,10.47447,10.59187,8.114099,10.09639,9.095881,10.01185,1.38197,1.83524,1.67169,3.35897,1.7166,1.68353
PURPL,3.75234,3.41704,3.59533,4.897593,10.71507,11.00072,5.240046,11.15322,10.90561,11.05803,2.10593,1.56228,1.62799,2.45998,1.61022,1.68822
LINC02996,10.4283,7.664,11.1627,5.785023,7.032176,7.683832,5.941749,8.681357,9.325857,9.712328,1.90531,1.53931,1.86695,2.18691,1.56224,1.76151
PLA2G4E-AS1,14.1729,12.0675,7.25815,11.95743,11.08843,11.86429,12.44741,11.84644,11.7365,11.65618,1.85981,1.99552,2.46083,2.63973,2.06613,1.75394
PLA2G4E-AS1,13.5607,8.23071,8.11871,8.339785,9.707607,7.931463,8.759798,9.850492,9.127728,9.152817,1.7655,1.57771,1.51637,2.28472,2.29721,1.91721
LINC02052,13.4066,9.69567,16.5887,6.611968,5.225224,5.822513,5.284776,5.851968,5.758771,5.588418,1.71086,1.93196,1.68927,2.80729,1.87753,1.54246
SLC1A2,13.2166,10.6509,13.1971,7.604001,9.292018,11.3053,7.35944,9.472054,8.450485,10.64806,1.56009,1.68758,1.78936,2.06222,1.58262,1.51111
CSRNP3,6.23579,11.108,15.955,4.802155,4.466946,4.639827,5.286961,5.85225,6.546584,6.67724,1.79278,1.75047,1.8485,1.88411,1.9889,1.94177
PGK1,13.8436,24.7357,17.8581,7.403323,6.437855,6.356346,7.46803,5.275001,5.974384,5.828931,2.81578,3.37487,3.40493,2.75204,3.23958,2.30822
TERLR1,4.92368,5.69888,4.68124,9.985732,8.206017,9.007286,10.07015,10.09775,10.88991,10.1764,1.9024,1.6595,1.88413,2.29634,1.57043,1.7845
LINC00622,13.6374,13.04,21.9408,5.343818,6.334219,5.610588,5.085596,6.038613,5.382369,5.78884,4.19061,2.58467,3.97441,3.12119,2.9001,2.34141
C2CD6,12.1272,19.499,20.6284,5.201294,9.62338,8.682985,6.234552,8.250212,7.683566,8.407163,1.75581,1.88461,2.49499,2.04187,2.11791,1.58526
UGGT2,10.2563,3.51649,5.6319,6.983563,7.295543,6.635982,6.228951,6.857402,8.358229,9.330263,3.18497,2.90455,2.69445,3.29324,2.71705,2.71998
VPS35L,11.0279,7.29977,15.6054,6.227481,8.643353,8.365751,5.114952,8.267403,8.980879,9.218426,1.46384,1.47626,1.64416,2.86372,1.99155,1.46636
LOC105371215,14.1237,13.487,23.2285,3.830405,7.317657,7.047909,4.023026,7.777794,8.193655,8.333478,1.54106,1.79538,1.71871,3.4803,1.84601,1.58495
ADAMTS5,8.53365,15.2187,14.0708,6.04895,9.606453,10.69507,6.669449,10.74985,12.22751,10.81714,1.81745,1.70245,1.86695,3.42835,2.14967,1.83064
MIR133A1HG,9.65577,4.68013,2.70553,5.858387,7.875118,7.519289,5.473951,7.720857,8.095705,8.06608,1.88487,1.7299,1.87622,2.50314,2.29812,1.99373
SPATA22,14.7771,31.4642,30.8813,6.842323,5.844455,6.92381,6.675317,7.811727,7.434701,8.515964,1.79278,1.58056,1.6464,1.78437,1.65221,1.94878
ZNF620,9.19138,13.9186,9.81454,6.383851,6.971269,5.25846,5.429421,6.578742,6.268637,6.116106,2.70228,1.9082,1.7243,1.72842,1.74711,1.76601
ZNF763,6.3084,6.38653,10.2519,6.031009,4.75046,5.033773,4.999183,5.157965,5.130646,5.827091,2.82527,2.24645,2.17196,2.84223,1.8977,2.85796
FRY-AS1,6.48282,3.31181,3.34219,6.333982,5.159966,4.866874,6.350013,5.175394,4.314123,5.283269,1.8812,1.38838,1.50982,2.44464,1.65747,1.62913
AKNAD1,12.5299,17.7891,27.8522,5.423731,8.531031,6.576625,6.251259,7.43212,7.828399,8.905052,1.79278,1.52318,1.37907,1.97043,1.58207,1.49473
HTATSF1P2,6.12041,13.7133,5.2066,8.29343,10.44648,10.30816,8.144542,10.68057,10.75561,9.336388,1.97893,2.00394,1.39402,1.94289,1.67191,1.42044
ZNF816-ZNF321P,13.2673,16.4032,24.7005,5.020173,10.68543,11.06016,7.856829,10.0701,9.762912,8.959443,1.6583,1.92349,1.85724,2.35562,1.82207,2.43221
ZNF816-ZNF321P,11.8283,13.5696,23.5088,5.435378,3.813967,4.431078,5.666945,6.084027,3.992591,7.055508,2.2442,2.00438,2.24897,3.53763,2.56415,2.03404
CACNA1A,12.0318,13.6606,11.6813,7.284158,9.951523,10.03613,7.103406,10.62051,9.867873,10.111,1.62332,1.57225,1.82168,2.74298,1.9771,1.48053
FAT3,10.0596,21.4178,14.6267,6.155777,8.377356,9.001263,6.444577,8.345917,8.813337,7.516297,1.87863,1.93196,2.15605,2.30277,2.03124,2.05423
C18orf21,10.081,14.7856,22.0584,5.679129,7.752287,5.433839,4.790364,6.266957,6.958463,6.291456,1.72013,1.74382,2.0762,1.99495,1.55269,1.62058
PDPR2P,0.807079,0.478548,1.43053,6.18546,5.707352,6.048405,5.605894,5.175141,5.35208,5.673481,1.95138,1.81831,1.62268,1.84386,1.44583,1.58308
LOC644135,14.8421,16.5428,24.3715,4.897746,5.755291,6.367997,5.445178,6.819903,6.917764,6.651741,1.84923,1.80507,2.21103,2.06938,1.946,1.90254
ZNF546,0.948628,0.315067,2.60366,5.046536,11.1912,11.03339,6.440578,10.45959,9.519148,9.037215,1.69419,1.82235,2.03943,1.66752,1.74219,1.97609
ZNF732,14.2478,10.7775,8.95811,5.280545,4.503102,5.092334,5.455054,4.55757,4.585925,4.369314,1.63845,1.97965,1.62842,1.91496,1.87468,1.78279
ZNF732,9.66444,12.5983,10.6374,5.893236,4.438438,4.771914,6.13421,2.781297,5.832992,2.786471,1.74093,1.62316,1.49233,2.27479,1.61141,1.77479
APCDD1L-DT,11.5136,3.51058,11.5716,5.481541,4.660445,7.528234,4.940936,5.786153,8.204805,6.093744,1.74186,1.74314,1.89876,2.98481,2.2046,1.54292
GIHCG,6.48264,6.74699,5.0703,6.819256,7.359755,6.991119,7.512802,9.252438,8.967623,9.502203,1.70724,1.62316,1.66584,1.77271,1.91778,2.29361
LOC441666,3.87027,1.72217,15.0447,4.282747,4.535102,4.866798,4.592237,4.926816,4.618689,4.792036,1.81373,1.62952,1.74436,1.6583,1.89603,1.46705
SPIRE1,10.517,20.2969,37.5456,6.56519,7.595173,7.313544,6.914706,7.650757,6.765153,6.291881,3.13782,2.43784,2.86183,2.82396,2.81252,2.31797
LOC101929622,9.42651,10.3607,18.3122,7.392377,4.441417,5.834497,6.507222,2.803248,3.774343,3.170451,2.33764,2.5103,2.41369,2.9476,5.66428,4.74058
LINC01093,7.2479,13.5536,4.57108,7.388423,5.792456,5.791178,7.060919,4.706899,4.533271,4.938667,2.18018,1.62316,1.96347,2.95194,2.14962,1.97189
CHDH,2.26039,4.71,3.59585,6.627384,10.10384,10.2984,8.023345,10.62278,11.52902,10.51515,1.79278,2.1911,1.69334,3.39116,1.46469,1.72851
LINC02860,13.5255,11.1797,14.8845,9.486186,6.156975,10.10633,7.852252,8.543976,9.664339,9.308789,2.08956,1.91286,2.02644,3.23912,1.83429,2.1425
GRTP1-AS1,7.02276,8.083,6.75921,6.033853,4.718425,5.324089,6.63341,8.634031,5.84217,4.624643,1.5793,1.85022,1.67007,1.87847,1.97269,1.57823
MAMDC2-AS1,8.68641,7.35567,15.0659,8.127324,5.717278,5.858989,7.573737,5.006883,5.994442,5.566947,1.60211,2.22796,2.14129,2.43454,2.00693,2.15049
AOPEP,11.5659,15.5237,9.21896,6.714213,4.902812,6.027643,5.777377,5.253517,5.690309,5.42537,1.54872,1.67807,1.54724,2.94988,1.63982,1.90799
LINC01537,11.9744,2.37295,14.4911,5.650517,4.047287,4.337924,4.780303,5.823656,3.464099,5.151465,1.77091,1.38622,1.83533,2.14552,2.00019,1.44891
TBX18,10.7863,13.1698,8.6145,4.497355,7.229489,7.89247,4.862696,9.30298,6.326644,8.736909,1.55617,2.19801,1.63369,2.13202,1.48072,1.5324
NSUN4,11.6318,9.19208,15.6267,3.41463,4.760616,4.706101,2.765093,6.994628,7.25942,6.818645,2.11452,1.94012,2.20604,2.72004,2.02694,1.78615
ZNF605,4.48731,1.04397,3.08086,5.037878,6.45736,6.436522,5.612436,7.131157,7.800172,7.382349,1.44659,1.96708,1.52744,1.48343,1.78863,1.52418
GRIK1,13.3887,13.9066,12.8138,6.364952,6.158702,5.387178,5.536662,7.251585,7.863166,8.02367,2.08045,1.8736,2.28732,2.00057,2.25214,2.54269
LOC101928211,11.4885,14.6286,18.8985,6.029776,8.958487,7.780964,6.150073,8.245722,7.601763,7.239255,1.90297,1.59036,1.62996,2.71188,1.92592,2.24854
DDX42,12.5338,11.9473,8.64337,7.485898,6.325138,6.067863,7.360403,5.172897,6.136394,6.000581,2.15643,2.35805,2.49951,2.45516,3.03635,2.65572
ZFHX4-AS1,4.19719,4.80187,4.97306,7.121665,9.676744,9.782824,6.737325,9.680853,10.23257,9.856513,1.89158,1.5918,1.87732,1.57662,1.79122,1.51111
PDXDC1,11.24,6.92662,15.1211,6.155777,8.154274,6.982299,4.766076,8.377233,7.355724,6.003594,4.12865,4.53298,3.9112,4.02466,3.92936,4.43437
LOC339260,10.2581,36.8162,20.6089,4.103106,4.112738,3.282429,3.730545,4.87668,3.278937,3.518937,2.28029,1.62697,1.86468,3.30241,1.71858,1.54833
LRRC77P,6.29317,12.5307,11.4708,5.223738,4.505352,4.544812,4.986886,4.756153,5.447748,5.195573,1.72558,1.78877,1.72341,2.05956,1.6832,1.6832
LOC101927066,12.4297,11.3717,18.0518,3.275663,2.740502,4.505372,3.583461,3.22249,2.666275,4.171366,1.60627,1.90141,1.5484,2.11011,2.0478,1.72216
ZC2HC1A,11.1234,4.96269,11.5766,8.804975,11.70728,11.51918,7.938508,11.02861,10.09477,9.621953,1.6583,1.72093,1.78604,2.34219,1.78941,1.92255
CSTF3-DT,5.59909,4.9271,6.68321,6.290652,5.292483,5.157123,6.139556,6.274328,6.331732,6.405009,1.58463,1.53143,1.52497,1.882,1.42303,1.54376
GRIK2,7.50176,19.0615,22.3527,9.46911,10.10399,9.449383,10.22662,10.11761,10.41593,10.74604,1.47723,1.53804,1.95993,2.71188,1.93578,1.97205
LOC105376037,4.4642,5.95657,6.37661,5.876051,5.398938,4.914107,5.330601,7.213361,4.161958,4.192171,1.48809,1.70867,1.52667,2.30991,1.51741,1.49524
PTPRD-AS1,9.8997,15.5148,6.41443,4.823376,3.735329,3.415699,4.830509,3.418892,3.437197,3.569293,1.67487,1.9234,1.946,2.17452,2.09188,2.05576
NR5A2,9.51586,8.84987,10.8276,5.182878,6.266339,5.505272,6.264138,6.553022,7.314307,7.141482,1.65303,2.08956,1.7336,2.65681,2.32991,2.06209
LOC102546299,8.04959,9.58367,3.49782,5.668885,8.464397,7.921364,5.79962,6.956037,6.815629,6.235657,1.71004,1.8937,1.85847,3.56333,2.21305,2.14975
TMEM26-AS1,13.1542,21.848,20.5424,5.381058,8.282809,8.609632,4.999183,9.38696,9.19313,7.756187,1.89361,1.70779,1.91864,1.87923,2.14269,1.99352
MCM3AP-AS1,13.0188,14.704,22.8616,5.08549,4.828413,4.186667,4.943768,4.438114,3.850858,4.029315,1.94012,1.93196,1.89706,2.71188,2.23136,1.93877
TEX49,10.7765,18.5242,13.6741,5.045226,8.018886,7.083645,5.034549,6.925639,6.823558,6.849033,2.10729,1.79211,2.29286,2.24897,1.92736,1.90799
TSPYL1,10.6355,20.8891,6.8329,10.05827,12.02406,12.078,10.77934,12.15553,11.36452,12.17557,1.34427,1.48163,1.66584,2.59296,1.66584,1.61345
LINC00342,13.9518,32.566,30.0763,7.571251,5.381353,5.953191,7.766203,5.129383,4.734657,4.672233,6.99743,6.03077,7.12825,7.51591,8.16286,7.60453
WHAMMP2,4.1397,9.53952,13.5725,5.216646,7.171081,7.479551,5.557885,7.326254,7.18881,7.845745,2.86183,2.56783,2.87054,3.78093,3.35171,2.98155
NBEAP1,9.68978,15.4939,68.3499,3.811587,5.514602,5.297289,3.723308,6.743872,6.039547,6.551638,1.79278,1.76916,1.99379,2.29927,2.10424,1.79327
LINC02250,10.0879,11.8334,10.3976,7.45154,5.911433,6.298273,7.545597,5.951442,5.265395,4.679541,1.90242,1.62316,1.71524,2.61448,1.74214,1.66772
LINC01527,7.88699,7.76509,10.0679,5.481422,8.790431,7.312734,6.437835,6.738299,6.347492,6.350135,1.7488,1.60232,1.76916,2.91061,2.22559,2.71574
TMEM132D-AS2,12.4452,11.4166,23.0882,5.443357,9.70992,9.723707,4.525045,10.4488,9.843281,10.18268,2.20981,1.92476,2.26574,2.22173,2.03578,2.51702
SLC17A1,3.20305,7.79426,27.9943,2.839389,3.943148,3.603185,3.033513,6.00575,5.243358,5.875165,1.86085,1.84666,1.67137,1.63735,1.65822,1.87561
ASTN1,10.8962,6.62447,14.9221,8.275497,5.213128,5.526099,8.431929,4.9017,5.056643,4.34942,1.85225,1.78264,1.79207,1.69465,1.6562,2.25378
PPARA,11.173,10.0693,10.2747,4.177147,4.108188,4.965837,4.567746,4.219967,3.773093,4.862921,1.74814,2.03752,1.83647,1.86152,1.946,1.94716
CDKAL1,6.98403,8.56409,12.6609,6.672735,10.57747,11.54603,7.66712,9.525491,6.991503,7.560408,1.65501,1.59054,1.86695,2.42605,1.63888,1.49134
TMC7,13.1365,15.0391,34.4092,4.771914,5.625271,6.763381,6.274768,7.168855,6.432124,7.441527,1.70233,1.52908,1.85321,1.91776,1.46486,1.47252
LINC00691,14.4405,8.91315,15.6597,8.491007,8.670926,10.08815,9.211072,9.940598,5.618149,7.01825,2.22664,2.05505,1.75709,4.54932,1.98311,1.94497
DEPDC4,11.6483,15.1855,7.40932,6.533605,9.6862,8.510597,6.985804,8.148774,6.658242,7.743385,1.54933,1.75521,1.89717,1.63735,1.75028,1.5491
GYPE,4.64418,5.23122,10.4667,6.328416,6.90199,7.808208,5.503369,7.711251,9.089548,7.994974,1.43064,1.53376,1.5507,2.71188,1.67566,1.45426
GYPE,6.73525,6.82524,12.0608,7.395638,8.594962,7.967197,7.217893,8.720139,7.337513,7.757117,1.85537,2.08335,1.74214,3.03533,2.0883,1.78508
GVQW3,10.7646,10.1538,17.4357,6.071437,10.67248,11.2058,5.914687,10.29523,9.949339,9.960565,1.87782,2.03309,1.65773,2.87729,1.7806,1.97529
LINC01360,14.3273,6.13072,9.63429,7.745694,7.467826,6.302939,7.308962,6.735828,6.299493,5.214085,1.85788,1.40919,2.20604,2.90275,1.946,1.76032
LINC00485,3.72552,2.67507,4.18306,8.352255,8.982077,9.345127,8.135275,10.31667,7.776786,9.837623,1.56695,1.71519,1.7446,1.84487,1.65741,1.40706
CASC11,12.8362,14.1887,17.6517,9.87442,10.75862,10.10224,10.02455,10.11201,10.5473,10.03107,2.47784,2.57435,2.54108,3.7872,2.91789,2.77703
LINC01581,6.21161,5.17417,2.16347,5.537941,5.691862,6.37827,5.051878,6.736983,5.741881,5.215704,2.06457,1.74413,1.84074,2.49351,1.78294,1.86561
LINC01692,10.2651,9.49083,9.46252,4.74349,3.66722,3.583384,3.835586,5.041235,4.834179,4.819136,1.46723,1.78359,1.72341,1.81233,1.56578,1.32101
MIR3663HG,14.1693,17.2311,21.8642,7.652305,7.367414,7.147161,7.565262,6.869147,6.922581,5.578391,1.65825,1.62316,1.77439,2.76286,1.56309,1.70928
DSG4,7.30574,5.00375,7.09595,6.595237,5.296535,6.682058,6.866656,5.255546,4.89224,4.81815,1.39304,1.59457,1.67323,2.84998,1.80976,1.62922
LOC105378311,7.27315,3.72983,5.09021,8.507875,7.535816,7.921364,8.005888,7.190152,7.449979,6.893401,1.61658,1.71779,1.99021,3.32826,1.69369,1.93384
LINC01777,7.198,2.86408,5.18148,5.324478,5.713749,3.916593,4.432728,4.822598,4.912278,4.422915,2.06825,2.02432,2.32723,2.42033,2.46708,2.08956
EPHA6,14.9567,10.4782,17.6145,4.035028,7.970093,7.724492,4.998735,7.625469,5.70401,6.893407,1.55781,1.90993,1.72341,1.65884,1.55789,1.79036
MCHR2-AS1,8.14206,7.01197,2.81969,6.70914,5.611621,5.46051,6.523843,4.914249,4.940311,4.911161,1.58321,1.85524,1.77665,1.81075,1.8986,1.49499
ROCK1,7.34467,13.2378,16.788,8.868142,10.75791,10.14098,8.403067,10.5049,10.70453,11.00957,1.86971,1.95449,1.68232,1.75848,1.65023,1.76971
MYLK4,12.1418,5.19637,4.34946,6.487941,5.260012,5.608467,6.33432,5.074165,5.015494,5.288826,1.81615,1.94012,2.41369,3.05026,1.94012,2.62031
LOC101927310,12.8063,17.7685,20.4855,5.128533,4.090961,4.71363,3.912755,4.105426,3.32151,4.246078,2.12058,2.5103,2.20604,2.86734,2.01213,2.27411
LINC02864,11.1529,8.18094,13.9933,9.059871,11.38029,10.8504,9.050048,10.25172,9.634073,10.2552,2.00105,1.76916,2.11566,2.71477,1.43746,2.15049
S100B,8.75067,4.24072,7.38781,10.27614,11.57832,11.52522,10.74534,11.22222,10.12786,10.38659,1.65194,1.60953,1.65194,2.7873,1.53846,1.90799
LINC02070,9.08589,16.9873,13.848,4.858237,9.572176,9.161791,5.529759,8.555154,6.838932,8.095415,2.08956,1.59764,1.73208,2.35622,2.69074,2.60841
LOC101928012,7.42081,10.0319,12.2727,4.743505,9.386248,10.83195,6.111099,9.126231,5.81385,5.798599,1.71321,1.67148,1.87082,2.50699,2.61762,1.40706
MIR548XHG,11.2773,19.6366,20.4431,5.189859,10.30876,10.24307,6.302166,11.73718,10.44503,10.50728,1.82864,1.65162,1.83884,2.911,1.81354,1.62697
SLC8A1,8.22372,4.24994,6.96665,4.904249,4.890556,4.600178,4.846421,4.129402,4.525552,4.554668,1.86353,2.02669,1.8575,2.91085,1.77567,1.88924
HMGA2,4.89068,10.713,15.3275,7.670414,8.943432,5.704938,6.207476,7.242,7.993859,8.642544,1.94012,1.68909,1.78096,2.3425,1.69937,1.98235
C12orf40,13.2745,12.2156,16.2312,10.71349,10.23587,10.67176,10.89273,10.53378,10.99826,11.16946,1.5448,1.75911,1.65964,2.57535,1.74759,1.77144
SYTL3,8.64089,7.47204,8.21021,3.763758,4.087563,4.220372,4.620507,8.014805,8.533237,7.594021,1.68951,1.80003,1.82428,2.45071,2.46539,2.39731
DYNC2H1,13.6502,16.9818,45.0747,3.037663,7.153649,5.805655,3.451993,7.86738,7.16968,8.204327,1.76837,1.76399,1.75499,1.93292,2.22619,1.92814
JAK2,12.1522,16.2357,9.60003,5.403198,7.211441,5.694954,5.228088,7.410557,7.713682,8.41113,1.79278,1.68136,1.68857,2.12382,2.03871,1.92355
GALNT7-DT,14.1386,19.8089,18.7209,9.211494,11.05863,10.89194,8.442153,10.48915,10.04076,9.922699,1.85233,1.6008,2.13443,1.71361,1.97358,1.75746
SLMAP,9.96118,10.7276,17.4726,7.576213,9.867,9.697005,7.398552,10.12187,7.915483,8.213673,1.7806,1.75697,2.0231,2.3574,1.97902,1.61479
IWS1,14.8628,18.3512,21.3431,5.877922,6.207802,7.354543,6.92522,8.395035,6.184986,7.948195,2.86763,2.08956,3.85569,2.342,4.99851,3.26401
LINC02670,13.4794,13.0568,8.31375,7.210623,6.515388,7.211047,6.386646,8.014862,7.233007,6.814775,2.172,2.00344,2.15059,2.30207,1.77694,1.98508
LINC02297,4.62519,1.90217,2.55263,4.353205,3.222465,3.474247,4.466938,3.006746,2.789946,2.843024,1.5304,1.61237,1.85542,2.75614,1.5549,1.64312
VWDE,11.9291,50.1396,11.4366,5.773298,6.969112,9.458945,6.547271,8.705602,7.960741,7.305381,2.52103,3.61173,4.579,3.85916,3.23854,2.65323
KAT6B,11.4454,8.02734,4.17182,5.413483,5.581422,6.566553,4.140937,6.405442,4.400364,5.709059,1.8695,1.75753,2.04715,2.71188,1.74214,1.53956
ARHGEF7,7.05677,19.5441,9.96859,6.049568,5.095125,5.351066,5.605894,5.02231,5.29684,4.897923,3.11533,4.22219,3.21231,2.52292,2.84149,2.54645
SNTG1,1.5727,5.12542,6.13541,5.784568,4.675533,4.978579,5.281278,8.29175,9.195872,6.782842,1.83074,1.68843,1.76136,2.02535,1.43843,1.80307
CSMD1,12.4061,12.6475,17.5277,7.817197,6.513205,5.562856,7.256912,4.197358,7.024523,5.415761,1.69864,1.7795,1.74747,2.18171,1.35722,1.80988
TRAPPC2,14.5418,19.9805,17.4843,6.609033,3.724456,3.237785,8.487928,10.51376,11.25971,10.19337,2.00257,1.97359,2.18686,2.28257,2.80499,1.98591
SLC7A14-AS1,14.2383,7.12288,16.3913,6.37627,5.452341,4.78028,5.827652,6.639796,6.279581,6.835733,1.67294,1.76916,1.53367,2.79879,1.74214,2.08838
HLA-F-AS1,13.4079,14.0928,43.7941,5.912204,8.743631,8.255491,6.526822,8.981656,9.324677,7.43486,1.79278,1.62412,1.42317,2.4151,1.70492,2.11723
PCDH10-DT,2.0699,1.62007,8.30182,5.638844,4.51012,4.258732,5.32681,6.166636,8.226379,8.817625,1.74441,1.70928,2.13578,1.97319,2.11065,1.58393
GPR89B,13.9184,16.3947,10.2287,7.322514,4.996395,5.667452,7.421046,4.824788,5.678857,6.488395,2.66664,2.17647,2.96788,4.24932,2.30842,2.76385
MEIOC,8.92003,172.315,14.2095,7.391689,6.86356,6.635982,8.637647,8.082878,9.353813,9.020067,2.19938,2.4158,1.94524,2.34039,2.02335,1.96403
SMPDL3A,13.8242,16.304,24.2693,9.466881,5.591365,11.17212,11.17135,11.84245,11.46547,12.03832,1.7738,1.84304,2.28251,2.23173,1.9358,1.85537
LINC00437,7.19757,4.94961,2.66511,6.50054,9.612041,9.648644,7.198036,8.995287,9.153848,10.19808,1.76581,1.72819,1.72341,2.39648,1.82337,1.84636
SAMD12,13.7067,14.5434,20.212,6.12934,4.197711,4.769516,6.372272,3.814278,3.368749,3.428255,1.91587,2.37906,2.5509,2.62475,1.99971,1.87036
MTHFD2L,8.35163,8.82583,6.53553,9.218977,9.106431,8.715875,9.524434,9.656809,9.005449,9.288706,2.27648,1.76916,2.14778,3.6074,1.96329,1.76512
FRYL,13.9348,13.7101,10.63,5.980708,9.411143,9.805676,6.773966,10.01367,9.722782,9.704908,2.0339,2.08956,2.49578,3.64595,2.24459,1.95142
NMRK1,11.3916,16.9517,8.99235,6.323924,8.256075,8.981055,6.20611,7.299528,4.54215,7.363308,1.68286,2.25366,2.13441,1.93282,2.22663,1.96389
C3orf56,11.718,11.1359,7.74698,6.91794,4.966299,10.71403,7.619609,8.553296,5.815742,7.973453,1.78226,1.43832,1.94217,2.69475,1.67561,1.94926
LOC101928277,12.4317,17.5183,9.00034,6.904397,8.314825,7.137115,6.624585,8.593684,8.099743,7.979156,3.39582,3.3522,3.60044,5.45535,3.43632,3.6926
CTD-2194D22.4,13.5518,18.0233,19.3274,6.941473,8.168133,8.527885,6.737358,8.677237,7.516977,7.564572,1.81649,2.08956,1.78525,4.14882,1.89877,2.05234
EOLA2-DT,6.53989,9.7843,13.5691,8.113555,8.166523,8.092378,8.457445,8.527782,7.788573,7.439476,2.01143,1.96063,3.07527,3.22065,3.79988,2.91429
LINC02211,1.52165,3.346,0,8.217913,5.414556,5.54794,7.426063,4.604428,4.526438,4.153496,2.1033,1.73692,1.98517,2.55983,1.74214,1.84921
MIR4435-2HG,2.67031,2.83182,0.770483,5.726421,7.019972,4.384521,5.992681,8.226018,9.581479,8.445314,1.76362,1.51817,1.60561,1.74267,1.52152,1.76512
LOC101927723,10.0051,10.6193,11.1546,7.142249,8.02854,7.166009,6.506248,7.546069,7.304445,6.548878,1.95963,1.66609,2.06137,2.67108,2.1685,1.94753
LINC00102,11.5606,10.598,11.8468,6.894904,8.385571,8.718541,5.080977,8.144442,8.543271,8.791019,1.57665,1.98723,1.6583,2.16011,1.60054,1.79995
LINC00564,11.1036,11.9637,17.7348,5.604401,4.381077,5.271348,4.563131,4.846516,4.569026,4.875654,1.75846,1.6652,1.77873,2.22173,1.76508,1.97819
ZNF292,4.06357,8.18028,9.5585,3.674859,6.82239,5.551934,3.982752,6.758196,4.894545,5.739797,1.47763,1.89077,1.71524,2.15509,1.65381,1.73402
LOC105374042,11.9569,11.1413,19.7143,8.302387,7.111204,6.391898,8.191719,6.727707,6.213354,5.508776,1.69641,1.89319,1.81678,1.84893,1.55674,1.64764
CCDC13-AS2,7.43835,7.29794,35.4373,5.488592,4.931348,4.844061,5.185153,4.30519,4.304195,4.387979,1.75273,1.67566,1.78254,1.88747,2.02457,1.55845
LINC00486,5.91336,7.59338,13.8309,8.30835,6.704489,6.026412,7.270489,5.612051,5.864137,5.657408,1.74214,1.80295,1.69281,2.30419,1.946,2.15635
ARNTL2-AS1,12.4835,8.14517,12.6813,4.720745,3.91012,4.212978,3.868307,6.735777,6.903482,7.496223,1.55826,1.62338,1.7766,1.88747,2.45074,2.00228
F11,11.8208,22.6181,15.8456,6.587071,11.06479,11.2058,7.823715,10.05151,9.345487,10.70427,2.01381,1.69976,1.87103,2.71188,1.79839,1.87494
FAM170B-AS1,14.2937,27.4935,34.0438,4.441086,11.45706,10.20904,5.427419,10.72408,10.79788,10.84461,1.73694,1.71332,1.60939,2.38116,2.27357,1.66802
IRGM,12.6617,7.51928,10.3284,4.667392,3.88365,4.490125,4.126616,6.25208,5.639812,4.536349,1.79636,2.08579,1.79834,2.71188,1.78914,1.8329
CCDC141,14.5118,8.11916,8.69305,5.240365,9.13286,8.998919,5.662384,8.907449,7.40984,8.164532,1.71972,1.62316,1.88051,1.48573,1.71643,1.9086
RPL34-DT,12.0607,23.7393,12.8429,3.835586,3.990171,3.803845,3.85403,5.116519,5.562942,5.229929,1.82489,2.29224,2.20051,2.49721,2.35188,2.26074
BTRC,3.43757,4.91214,3.59735,5.672177,6.753394,5.851254,5.300536,5.880002,5.754817,6.02125,1.97783,1.65125,1.66364,2.56181,2.24375,2.24203
TEDC2-AS1,5.42579,5.05495,8.18726,5.361696,4.89911,4.692,4.227926,7.974209,11.11429,8.311295,1.46495,1.9087,1.74515,2.02701,1.69878,1.51547
HSD17B4,12.8856,14.4898,15.3538,6.422041,9.48877,9.36524,6.453671,9.387476,9.881468,10.03486,1.64673,1.76916,1.86695,2.8793,1.78499,1.48971
LOC101929073,12.407,6.12265,12.6532,7.92668,8.574927,8.715455,8.121661,9.864453,9.621462,9.687597,1.97245,2.08956,1.92359,2.56997,2.22545,1.91468
LOC158434,11.5284,9.2495,17.7111,3.06073,3.638218,4.020756,3.848587,3.802825,2.79728,3.253152,1.54119,1.49878,1.64637,1.70268,2.20604,1.83046
LCTL,11.4624,11.7407,12.383,11.00163,10.30139,11.12317,11.24695,9.003893,9.72321,8.92796,1.55817,1.96198,1.41799,4.39517,2.01843,1.70922
PLPPR5-AS1,14.3535,17.35,12.9743,9.489154,9.352158,7.886829,9.000795,5.701095,6.314918,5.701015,1.63768,1.83326,2.20972,2.80837,1.74214,1.76237
BHLHE22-AS1,12.1487,14.9892,17.6875,5.899418,4.420617,5.512981,4.81654,4.802577,3.689344,4.298606,2.03283,1.80592,1.78837,2.47305,2.11457,1.60382
COL18A1-AS1,10.323,12.9519,19.3646,7.881244,11.09404,11.52052,8.938698,11.42048,11.01447,10.61167,3.57391,3.66507,3.67138,3.70608,3.67119,3.57391
QPRT,11.7139,6.31685,7.05616,8.309498,7.135329,6.764103,7.453674,8.55547,7.209737,8.918026,1.83993,1.85388,1.65469,2.24908,1.93627,1.65432
QPRT,6.85501,15.481,13.4657,7.454705,6.812079,8.239668,6.889096,8.827872,8.347557,8.46247,1.73068,1.62316,1.96256,2.59177,1.65003,1.94843
LINC01234,8.59849,4.69223,16.9707,4.484554,6.398907,6.66932,3.770237,9.089287,8.932136,6.971395,2.25915,2.06809,2.3393,2.03554,2.08237,2.05606
KLHDC1,5.42444,0.379605,4.29289,7.346496,11.56451,11.63676,9.23677,10.87846,10.28236,10.12709,1.7367,1.58429,1.60561,1.77057,1.88992,1.40706
LOC100133920,8.91198,9.09901,8.67601,7.483356,7.143084,7.214907,6.603233,8.100342,6.066453,6.134805,1.79278,1.91398,2.0394,2.46631,1.93077,2.29224
LINC02905,6.38499,4.73477,7.85455,6.727641,6.976779,7.708889,6.844489,6.754825,7.07967,7.365905,1.74069,1.90027,2.20604,2.73133,1.96932,2.07786
LMOD3,8.82328,6.6782,7.97836,8.835341,7.399977,6.75963,8.373783,7.471563,7.194969,6.959323,1.54119,1.80635,1.65093,4.28558,1.74214,1.82491
PACRG-AS2,10.7741,8.00916,13.6335,6.123806,8.75836,9.465513,7.151703,8.821847,8.274483,10.0828,1.87601,2.08847,2.02828,3.41629,2.13901,1.90799
LOC101927588,11.8542,21.03,15.2099,8.040599,6.637669,5.572193,7.261788,7.770222,6.509237,7.29779,2.371,2.01296,1.82943,3.5861,2.43395,2.41194
HYAL6P,9.89642,9.84756,17.7188,8.399348,10.05464,9.650113,9.405257,9.415796,10.62982,10.91723,1.70296,2.18146,1.84035,2.94801,1.6997,2.16549
OFCC1,7.87458,3.33329,36.4269,6.238589,8.929742,9.096295,6.687522,8.064145,8.500589,9.271807,1.50197,1.62316,1.77231,2.02673,1.57933,1.66443
ELL,13.8065,22.5932,160.46,2.290012,2.094069,2.111559,2.387171,3.287194,2.39912,3.827764,1.94012,2.28394,2.04911,3.69868,2.20604,2.15718
HPRT1,3.52147,4.63719,3.29052,7.734516,6.450937,7.436756,7.051958,6.669343,8.494893,7.820979,1.66911,1.6267,1.50289,1.90124,1.69766,1.63754
CMTM6,3.30326,0.835073,3.84712,5.381057,3.867514,3.605568,5.600887,3.597155,3.666743,3.936335,1.61842,1.65208,1.87554,2.0679,2.02765,1.47314
SMAD4,9.21706,15.4327,29.5788,7.15161,4.690796,4.137993,7.35944,5.230747,8.08534,6.127224,1.83618,1.73957,1.90234,2.78557,1.81122,2.08587
RAB3IP,4.538,5.55728,3.31175,7.756834,8.313145,9.004372,7.935138,10.04632,10.38934,8.044722,1.64524,1.59945,1.59637,2.65999,1.913,1.51111
RAB3IP,2.5319,1.73817,2.3232,9.499918,6.744095,6.990993,8.960234,7.272168,9.257782,8.684178,1.63924,1.8,1.8363,1.88747,1.64427,1.47819
EDRF1-DT,12.4178,11.4991,21.7846,6.716082,4.125797,4.312483,6.520306,3.010039,5.727965,5.306872,1.74049,1.70146,1.76535,2.75382,1.98055,2.29224
ACTG1P17,4.14141,10.1405,30.7053,5.217005,4.510868,3.972086,5.288637,2.919717,5.441514,5.152514,3.05285,2.96697,3.064,3.48179,3.14447,3.24111
LMO3,10.4499,13.1549,24.8552,3.61019,2.938342,2.339983,2.957528,2.272734,3.095346,2.429601,1.77925,1.8959,1.88574,3.6752,2.01854,1.65676
LOC100288656,10.9027,21.6205,24.1944,3.867481,4.122949,2.603144,4.760532,2.807204,2.712473,2.677486,2.43815,2.5749,1.86695,4.98383,3.98582,4.33684
SH3GL1P1,8.4919,7.42369,10.1288,3.161576,1.917982,2.635956,2.802096,2.268097,2.232908,1.975374,1.72177,1.93196,1.94431,3.17787,1.9058,1.87305
MAF,6.40602,8.05959,5.23544,7.304347,5.534284,5.185803,7.597455,5.393945,4.473071,3.973965,1.68682,1.53898,1.6832,2.30552,1.87368,1.62697
CHML,6.68403,6.07618,7.94198,7.304959,8.175734,8.70685,7.262167,9.04388,10.10986,9.257454,1.58442,1.60174,1.92184,1.77993,1.60174,1.5977
CWF19L2,11.6449,20.7596,13.4025,5.780844,4.711121,4.300869,6.139556,3.297988,4.834179,2.998247,1.94012,2.31494,1.73582,4.59054,1.70065,2.10401
SVEP1,14.1207,16.4395,19.4566,6.235499,7.649306,7.381161,6.33316,7.848012,8.48293,8.338294,1.92507,1.99926,2.6215,2.60785,2.20604,2.01758
TFB2M,8.36726,8.17458,12.1252,7.09922,9.201505,10.74767,6.41574,8.118879,7.768321,9.111275,1.6229,1.55345,1.68732,1.78312,1.95315,1.55284
CTTN,5.08289,5.83857,12.6236,5.94245,9.781181,9.746848,6.110981,9.013213,8.926661,9.088878,2.02708,1.94086,2.36743,3.15802,2.21493,2.34457
CLDND1,8.66078,10.8135,18.4306,4.441526,5.986006,6.184626,4.387007,5.143355,5.765628,6.845551,1.60146,1.58493,1.81037,2.22173,1.86998,1.80979
BDNF-AS,13.0985,8.22161,15.3813,6.689445,4.622848,3.68316,4.940863,8.1753,9.508628,8.854014,1.56976,1.96573,1.63487,1.99581,1.93871,2.00103
OR2H1,12.8853,79.2572,96.3017,5.26353,3.030206,4.522754,4.35825,5.053726,3.718465,4.314727,2.07668,1.91852,2.02462,2.16965,2.48973,2.45196
DNAH14,11.546,12.0707,15.4642,2.952078,2.421667,4.288502,3.037225,8.568926,2.757676,3.366078,1.68317,1.74225,1.72023,1.9346,1.68978,1.76127
CT45A7,6.22642,321.685,13.1222,3.650302,5.736954,4.752139,3.81356,4.482016,5.179625,4.962577,1.5903,2.03405,1.65689,2.19549,1.87845,1.74956
HMGA2,11.4964,6.4852,7.17413,4.219083,8.778451,9.418778,4.36797,8.633296,8.182711,7.597312,1.53573,1.62316,1.61463,1.93302,1.57043,1.90253
HMGA2,5.67741,3.19881,12.1649,7.110287,5.448699,6.525583,7.273155,5.001941,9.424482,5.471206,2.03838,1.42044,1.7003,2.0411,1.80711,1.73044
ZNF208,9.25686,12.0589,10.5473,5.122573,4.498556,3.173115,4.022478,2.491054,2.686198,2.632797,1.6769,1.62989,1.88576,2.09667,1.94609,1.76512
ATP8B5P,6.75415,10.3529,10.7463,4.774942,8.966744,7.029394,5.40542,6.80954,6.287665,7.613645,1.85299,2.08956,1.66427,2.71188,1.94091,1.64134
TTC7B-AS1,14.5793,13.4814,13.4504,5.65948,6.280209,7.304959,5.766909,7.878244,7.751697,7.378007,2.08956,1.71491,2.2959,3.09072,2.80531,2.30793
RGS13,9.17385,7.58529,17.1222,7.370219,6.163535,10.80626,7.808365,8.387207,8.212034,6.655745,1.55147,1.63832,1.49233,2.8036,1.32774,1.42223
LOC102725116,13.3594,10.2857,12.0232,3.225337,3.743003,3.984206,3.567021,5.514379,4.837758,4.526198,1.64088,1.6832,2.02938,2.06203,1.65348,1.72253
NADSYN1,3.43427,2.10806,2.61941,8.243027,9.563864,9.405506,8.361261,10.24847,8.65753,8.755885,2.1845,2.5667,2.71643,2.80681,1.97782,2.11941
CRPPA-AS1,12.7563,22.9261,14.6839,4.378952,2.856494,6.020846,5.078197,6.896728,7.130929,7.303901,1.94012,1.87465,2.2096,4.10229,2.45836,1.90799
LRIG2-DT,13.6113,6.60209,18.5043,5.256661,3.885557,4.06663,5.605894,3.447131,3.525807,3.854228,1.97103,1.59566,1.80838,2.22173,1.63485,1.9275
PTPRK-AS1,6.20628,5.96888,5.05111,5.09448,8.342721,9.685287,4.830509,8.834635,7.452113,8.318295,1.72257,1.56584,1.72341,1.88747,1.75181,1.70832
LINC01492,11.9248,12.7784,18.1438,4.809021,3.937987,3.479467,5.32944,7.810757,7.553068,5.141195,1.55706,1.69441,1.90799,2.99671,1.85526,2.01181
PIK3C2A,13.6698,22.2128,26.3985,6.290102,4.961881,6.230465,5.235281,5.616821,6.017863,5.882447,1.72177,1.65737,1.71702,2.05917,1.71702,1.66642
ZNF677,12.8925,22.1228,14.0597,5.160446,4.498343,4.552882,5.365369,4.896253,4.196074,4.814348,2.48132,2.27864,1.96664,1.91221,2.30261,2.72186
ANKRD36BP2,14.9762,41.1486,18.4732,7.399611,5.835689,5.997988,6.994064,4.744449,5.360112,5.497623,6.9346,3.68651,3.40347,2.78067,7.41272,8.78261
IQGAP3,14.6096,3.35767,6.61535,5.633949,5.967252,6.257054,4.782779,6.839297,5.849486,6.316607,2.62263,2.51522,2.1749,3.02168,2.20604,1.76512
C15orf62,13.9149,10.7948,18.9138,5.521649,5.59938,5.358905,6.575799,7.206709,5.701921,6.28302,1.72049,2.34543,2.01594,2.03392,1.99919,1.81831
TP53BP1,14.7944,22.569,26.6585,8.936481,11.02851,11.07669,8.043636,9.661143,8.49824,11.03865,2.28709,2.81742,2.86183,3.58611,2.63925,3.26922
CCNC,13.3046,8.87791,10.0683,3.107836,2.953828,3.17284,3.316617,4.142048,2.474594,3.464032,3.5037,2.90607,4.34169,4.12256,4.53151,3.47584
GRIA4,0.428766,2.11198,0.388521,9.453194,12.55155,13.21644,11.63877,12.31053,11.97223,11.90997,1.79238,1.91436,1.6832,1.75475,1.74173,2.03682
MYO3A,11.2345,14.6219,9.48679,9.753763,7.915208,7.79581,9.708771,8.031173,8.050381,8.44092,1.8333,1.89632,2.28929,2.71188,1.89704,1.68694
PKIA-AS1,7.85282,7.29046,9.27567,6.401181,5.288382,6.77941,7.340752,7.143502,4.301455,5.236681,1.77937,1.62316,1.90478,3.16323,1.89804,1.76881
INTS4,12.9945,14.0072,16.9092,5.765726,9.152744,9.753995,5.382318,9.937373,8.388828,8.474386,1.6831,1.62316,1.86532,2.02938,1.71464,2.3022
INTS4,1.78079,1.29879,0.680857,5.237596,3.789175,8.461071,4.657748,8.209004,6.589809,6.567654,1.85301,1.87476,1.6363,1.97469,2.11278,1.69829
FMNL1,13.653,12.6996,24.2925,6.069402,7.407254,5.856097,5.387067,9.418896,8.802685,9.437973,1.93452,2.27,1.98293,3.21845,2.20373,2.16838
UBE3D,8.84753,11.4329,20.1434,5.369534,8.189638,7.936122,5.024117,9.231342,8.462059,8.47922,1.62107,1.67873,2.09208,1.73455,2.72052,3.56277
TMEM67,12.2847,17.956,13.7809,5.439508,7.342769,7.571056,5.026432,7.136761,8.157465,8.808346,2.00713,2.08956,2.18373,2.54213,1.89083,1.90799
SAMD5,7.55691,13.169,8.64174,3.382039,6.839619,7.495831,4.367788,8.453908,9.264486,9.314091,1.9421,1.88821,1.72341,1.6794,2.32509,1.85053
ZNF876P,14.9839,10.3009,9.20242,5.633921,9.238731,7.630332,5.890518,8.268061,9.59965,8.413553,1.76102,1.49878,1.76302,1.74007,1.97717,1.66852
LHX8,10.4565,8.32898,10.3639,6.272621,8.555855,7.466034,6.683554,7.671047,6.916874,7.608009,1.73808,1.70868,1.56641,1.83276,1.90097,1.56548
TTC3,13.7649,24.8441,9.72656,7.826447,6.819641,7.304959,6.816376,7.889215,7.818439,7.686388,4.99567,4.01987,3.66075,2.71188,4.67599,4.53512
PTPN18,5.66599,8.67899,2.71903,6.52354,11.16592,10.78332,7.432032,9.117445,9.242949,9.285732,1.54352,1.85235,1.90839,2.71188,1.86893,1.68467
F11,7.10188,1.57762,5.37242,6.212068,4.39177,10.41756,6.091266,6.48807,4.893479,5.404006,1.29937,1.40492,1.5044,1.86867,1.54697,1.62574
MYSM1,6.77796,6.01873,7.02495,5.087873,10.82507,10.03964,4.891289,10.07107,10.69334,10.09051,1.35654,1.85094,1.97191,2.39068,1.86071,1.7201
LOC101928052,9.18189,6.69823,11.2925,5.247119,7.079369,7.333746,5.446464,7.908052,7.540543,7.337185,1.57323,1.47906,1.60561,2.69191,2.05928,1.51498
BCL2L14,10.7359,9.09468,16.9463,9.646443,11.41339,11.3653,10.07729,11.71415,11.62367,12.00548,1.5571,1.73771,1.52915,2.52906,2.02322,1.72517
ASZ1,9.77529,7.89877,6.17679,7.816609,6.824703,5.844786,7.453713,4.444703,4.432053,4.313678,1.44394,1.57125,1.6715,2.51987,1.62181,1.53115
LRRC37A7P,3.38916,0.0567283,0.226913,6.741401,6.5897,7.340269,5.82838,6.769198,5.408532,6.869406,1.70284,1.92091,2.03119,3.68967,2.20604,1.73901
LRRC37A7P,9.17891,15.2667,8.84398,5.479305,6.865187,7.603515,5.274669,6.952988,6.619123,7.306159,1.71066,1.49878,1.73235,3.2974,1.7992,1.99245
CDR2-DT,7.82321,7.59964,3.31527,5.095055,10.03364,9.322904,5.702669,9.893317,9.066147,9.439239,1.90648,1.76916,1.7528,2.06846,2.16368,1.98963
SERAC1,8.17112,29.4084,22.1466,5.2201,4.165938,4.393343,5.882034,3.108469,3.338189,3.533,2.32724,2.02446,2.02938,2.51283,2.15661,1.90799
SLC6A15,6.83266,3.60745,4.6603,5.973875,6.722126,6.654875,5.735462,7.588112,6.882257,6.954963,1.6583,1.71728,1.7573,2.63431,1.64583,1.60523
PREX2,9.43721,5.224,1.81896,7.451806,8.534769,5.749249,6.74918,5.703043,8.927596,10.37735,1.60225,1.76916,1.73602,2.26358,2.20604,2.30412
LOC101928834,11.2891,7.50536,7.03194,4.605421,3.753202,3.762304,4.824691,3.62302,3.603463,3.486526,2.0058,2.49946,2.20604,4.12428,2.19495,2.66741
UNC13C,13.7304,10.6163,21.6284,4.363011,3.574874,4.200144,3.311208,6.366524,4.323151,3.268552,1.6583,1.96128,1.72341,2.32497,2.08026,1.40706
LINC00907,6.14318,12.3781,6.73704,5.976921,5.413885,5.227775,5.367824,4.356112,5.301947,5.367775,1.54119,1.5956,1.57882,2.21374,2.06756,1.77533
CFHR3,8.43328,7.75556,7.33439,4.565168,7.212934,7.638748,3.515001,10.32213,7.483028,6.465125,1.68202,1.90627,2.00368,2.29727,1.92704,1.89121
LATS1,12.34,23.9681,16.5586,8.861902,9.974334,7.952075,8.982599,10.03789,10.66343,10.52332,1.94012,2.10361,1.59544,3.01863,1.99293,1.94756
ANKRD20A12P,4.45581,7.02337,6.29094,5.981157,4.116632,4.53877,5.013928,4.70327,4.479506,4.427821,2.13654,2.19955,1.68532,2.3895,3.25022,2.18846
ATM,10.1202,9.34802,5.3723,6.819255,6.456569,7.065917,6.71693,6.747248,6.670628,7.389498,1.7369,1.92468,2.18948,2.52325,1.82074,1.70858
ZNF169,5.07508,6.1675,7.2069,5.284464,4.588489,4.55842,4.727514,5.223286,5.946606,5.844919,2.07257,1.94012,1.9689,2.01006,1.9821,2.07895
DDX3Y,2.06975,5.55982,0.0937782,4.312074,8.005831,9.654155,3.142044,7.845678,4.899558,3.861866,1.71215,2.04546,1.637,2.00981,2.0595,1.62461
CATSPERB,13.9887,19.8948,15.6163,4.023175,4.718966,7.281247,5.0316,8.250014,10.909,9.654929,2.01382,1.80908,2.0854,1.99944,2.24765,1.66538
ANKRD30BP3,6.7945,16.3368,22.9305,4.008734,3.961829,3.958634,4.227937,6.259905,3.399582,3.305091,2.08956,1.81924,1.88374,3.17215,2.06259,1.94972
MPZL3,9.99122,11.8453,16.9304,6.473684,4.342793,3.667228,5.142211,4.262898,2.877793,3.912934,2.63788,2.37842,2.41369,4.81394,3.18563,2.83266
EIF3F,11.7761,12.6038,13.5634,10.16001,9.655813,9.028622,10.43233,8.582376,8.126654,8.49544,1.80148,1.76997,1.76337,2.49277,1.71724,2.33457
RERE,9.41016,14.2661,37.1007,5.294736,4.200183,4.12077,4.88765,5.064023,3.886414,3.829596,3.07865,2.30897,2.22073,2.32316,2.25624,2.51702
WSB1,7.31482,11.3826,9.59108,12.171,8.852119,9.574795,12.00986,6.600023,6.203877,6.413416,2.27648,2.5103,2.31614,3.49786,2.27486,3.00675
METAP2,1.91554,5.21266,2.43915,7.211608,5.429897,6.854014,6.685795,5.005736,6.864017,5.265695,1.72094,1.84741,1.45372,3.32781,1.86702,1.82685
SFRP1,10.7149,12.4385,11.1301,7.511777,3.666228,3.528358,6.658714,1.882661,3.213616,3.200671,2.71137,2.36686,3.7373,2.55149,5.12809,4.33684
RGS1,13.8117,35.9133,14.4474,6.272621,8.653168,8.390277,7.511675,9.669897,10.57858,10.07908,1.54119,1.62316,1.2926,1.88562,1.74605,1.93369
HPGD,9.04464,37.5663,31.1489,3.577689,3.904154,4.031536,3.794313,3.533404,3.548072,3.128931,1.54119,1.9162,1.78537,1.88747,1.86348,2.07758
SYT1,10.735,13.833,14.3971,7.256007,5.229333,5.175029,6.617959,4.26874,4.983253,4.685368,2.05975,1.5279,1.65276,2.98677,2.76366,2.45364
EIF1AY,10.9511,11.5174,16.3355,5.058059,3.605909,3.882773,3.746319,8.37761,5.773649,5.314978,1.9477,1.54114,1.87833,1.73984,1.84726,1.77808
PTPRZ1,13.8657,14.4038,18.0112,6.035655,4.231045,4.454365,5.076447,4.699337,4.154575,3.46741,1.52561,1.72556,1.9675,2.266,1.57043,1.63293
HUS1,8.39518,9.69311,11.0888,4.010254,3.207239,2.641845,4.414145,2.568712,3.267717,2.377963,2.03746,1.98333,2.2882,3.13346,2.55779,1.76512
INHBA,13.2374,14.6042,13.521,3.544362,3.17398,3.704652,4.708016,7.429989,8.370676,8.505278,2.35504,2.4659,2.18907,2.60371,2.09787,2.15784
SLC16A4,5.38767,12.9539,12.8228,7.290127,5.016639,5.55252,6.543516,4.09981,4.142326,4.552735,3.27353,2.66788,2.2421,2.66897,3.1432,3.44162
MDM2,12.7792,16.9731,17.8787,5.031113,2.501883,2.340241,4.538283,2.49971,2.047077,2.869893,2.59421,3.12816,2.70754,3.5873,3.59334,3.50094
SLC22A3,9.94111,11.4654,6.19011,6.7611,6.181818,5.022402,6.427788,6.223161,6.061881,6.738775,1.47781,1.98445,2.11373,2.02054,1.97044,2.44887
ITGBL1,9.31128,11.7707,23.5718,5.852421,3.522343,4.210382,6.056,2.77631,3.021928,2.698288,2.57219,2.21144,2.20604,4.36516,2.42863,2.58613
CPA1,13.6657,20.2233,8.34741,3.459846,2.417709,3.127865,3.364413,1.803311,2.037331,2.425244,1.8951,1.96768,1.89808,2.8142,1.59307,2.08988
GYPA,2.02416,5.48462,2.2532,4.356631,7.147575,7.002533,3.735471,7.333302,6.214203,7.104404,1.62739,1.71005,1.6925,2.25705,1.8425,1.81286
KL,14.9053,14.522,14.8777,4.497027,5.264192,5.370701,5.314418,6.278926,5.795386,4.582618,1.9406,1.92476,2.14268,2.93235,3.34336,2.79275
RHAG,12.37,12.5168,21.0054,4.779926,9.150962,8.622328,6.12435,8.106972,8.08251,7.768306,1.54119,2.19801,1.8802,1.79524,1.74214,1.62697
CEACAM7,13.1458,15.8156,21.2135,5.693757,4.52511,4.959319,4.96989,5.584903,3.761709,4.498084,1.75258,1.77745,1.5753,2.03419,2.41538,1.72045
MEOX2,7.32653,1.04462,2.17283,4.900602,6.876434,9.017264,6.297771,7.838513,8.411155,6.348204,1.60067,1.49878,1.46704,1.81863,1.55933,1.68646
SULT2A1,14.4008,9.05036,4.59726,4.424282,3.974322,5.101063,4.534681,5.794081,6.472318,7.162085,2.07348,2.29446,1.71164,2.40756,2.32511,1.99843
LGI1,13.538,15.8532,15.8493,6.272622,8.518606,7.327362,6.386648,9.244156,7.929664,8.184215,1.77354,1.6617,2.38767,2.22173,1.7107,1.56075
NOX1,0.575791,1.30464,0,6.843739,9.844913,9.134458,7.024614,9.889087,8.872829,8.845742,1.80569,1.5057,1.60561,2.00695,1.83493,1.89148
SEMG1,13.2313,17.3168,10.6519,7.824921,6.242251,8.690224,8.645306,5.945829,6.424382,8.121586,1.98178,1.82443,1.8429,2.07207,1.57043,1.76512
DIO1,14.7364,55.6446,29.2798,9.445787,6.546578,7.087643,8.946564,5.74963,6.49399,8.171526,2.07796,1.65275,2.34005,3.02734,4.61141,2.87935
CDK17,9.16752,12.2277,20.4943,7.237601,6.006599,6.469803,7.381055,6.547397,8.756681,5.44669,2.99849,3.10234,2.93335,4.4363,2.83949,3.01531
UGT2B4,8.42451,9.43572,5.51285,6.524886,10.38688,11.47481,8.428914,9.294756,6.666839,9.129672,1.77607,1.70001,1.90453,1.88747,1.80531,1.59148
VIP,7.97465,9.33766,9.60222,7.402836,5.989321,5.988259,7.06038,4.585569,5.191228,5.067732,1.94012,2.01627,2.26297,2.71188,1.83062,2.1194
ADAM22,7.5644,10.2821,21.6171,5.966405,10.26877,10.31277,6.762475,9.996705,10.2955,8.195618,2.00148,1.80644,1.86695,2.71188,2.10756,1.87013
POLR3G,14.1886,19.0819,4.49975,6.146739,4.535309,5.750878,6.625404,4.807371,5.177819,5.232414,2.13457,2.11094,2.64426,2.71188,2.28778,2.32791
ZNF254,11.5748,20.1936,10.3042,10.048,6.866472,6.745874,8.447023,5.942323,7.530711,9.100742,3.81692,2.30303,2.90369,2.80701,2.45474,2.67379
CLDN11,13.7285,12.9504,11.0267,7.32735,8.361644,8.7969,8.269985,8.373592,8.246547,7.736756,2.03151,1.64749,2.02938,1.81831,1.56502,1.58802
G6PC1,5.27899,14.313,10.3886,4.064231,4.09522,4.27414,4.438749,5.095345,6.542128,6.502144,1.60145,1.50788,2.02424,3.4434,2.08699,1.88678
PTH,5.05453,6.40831,8.53452,6.440693,4.747087,4.474521,6.100051,3.212948,2.96879,4.318006,1.65082,1.34285,1.64509,2.04023,2.20604,1.90799
RAB27B,10.5979,8.30915,7.29553,5.283506,4.476151,9.101501,5.268122,3.144311,4.216988,4.607288,1.69782,1.76963,1.55175,3.36183,1.62986,1.84631
RPE65,11.9719,7.01131,7.50247,4.719468,5.208399,4.491302,5.113503,5.409279,6.183875,7.214395,1.83205,1.95767,1.64037,2.31408,2.31861,1.89788
MBTD1,14.0003,13.8008,9.26671,4.5167,3.656528,4.077409,4.542565,3.549778,3.797703,3.198432,2.22942,2.02663,2.29518,4.29426,2.31326,2.20992
MSTN,6.07074,15.7691,4.36636,6.990448,4.904842,5.42735,6.458896,5.79728,5.407971,4.967461,1.66013,1.89481,1.73125,1.44832,1.79489,1.90466
ZNF80,4.2699,8.73585,4.42158,3.683663,6.831424,2.614269,3.951635,5.753328,5.813793,6.257099,1.5494,1.90635,1.57644,2.02466,1.92658,1.55821
NOVA1,6.82865,5.71951,5.40995,1.901644,2.04418,1.954067,1.969897,1.963883,2.108148,2.04205,1.50682,1.82628,1.64173,2.0774,2.20604,2.01922
GRM7,8.22163,6.88964,6.42304,5.094481,4.659252,4.636964,4.620186,6.712818,4.783544,5.735212,1.54119,1.60214,1.70897,2.31074,2.22934,1.99699
PITX2,5.86788,5.53164,7.54982,7.043756,9.094383,8.741665,6.754309,9.27524,8.073914,8.945225,1.73721,2.98406,1.61516,1.98451,1.71321,1.54984
ASCL2,6.84662,8.77854,7.93693,4.553298,4.121155,6.789008,5.551829,8.200357,7.986126,5.165752,1.53561,1.54262,1.62487,2.26401,1.89853,1.60067
ATF7IP,12.8222,10.1536,10.2732,7.285658,12.11375,12.15812,8.858282,11.19421,11.10003,11.45759,2.15628,1.90586,2.11248,3.35427,2.57916,2.04022
PRO0255,3.91077,10.3099,7.85839,11.84967,8.859042,8.750851,11.58448,6.145392,7.730788,6.705359,1.61796,1.64694,1.86433,2.7461,2.20342,1.6585
ZNF711,8.93162,13.763,13.8931,9.072237,12.75982,11.88261,9.389977,12.25396,11.89794,11.89622,1.94012,1.75495,1.87142,2.71188,1.70038,1.66926
EPB41,7.28926,7.63232,5.57226,4.236039,3.615906,3.159606,4.053865,3.548338,2.959265,2.578955,1.68096,1.77592,2.02938,2.02724,2.09876,1.76512
CRISP3,9.81128,15.9401,18.2978,9.396372,8.767096,8.900856,9.109016,8.902092,8.617674,9.261379,1.98493,2.5103,2.6819,10.1396,10.9762,12.2331
POU1F1,11.8541,10.2826,9.84949,5.444356,5.510986,7.909956,5.414186,7.680622,9.082497,10.21401,1.53427,1.67312,1.77414,1.79466,1.84151,1.58299
SCN7A,11.3191,21.024,22.1378,5.580719,9.047037,8.385259,3.840817,8.317556,8.464882,7.251643,1.54119,1.76473,2.23237,2.57909,2.25648,2.02524
CACNA1G,5.84373,3.46816,7.8187,5.856904,7.97775,8.549293,5.453572,7.702648,6.694251,9.59988,1.89457,1.63712,1.76615,2.73586,2.20604,2.02164
DAZ1,9.23171,10.0222,7.74429,8.09621,6.467134,5.620269,7.751135,4.230871,4.079614,4.005831,1.58081,1.45436,1.81313,2.74278,1.66016,1.7167
TSPY10,12.6596,15.5004,26.4698,3.412423,3.17398,3.123943,3.025682,2.306113,3.093289,2.671416,1.8246,1.97229,2.41369,2.22899,2.14913,1.94527
PTPN22,14.7947,18.026,8.49726,4.26247,2.811339,3.165001,4.542669,2.623344,2.744099,2.30037,1.6583,1.7457,1.97033,2.31337,1.76828,1.62697
RAB9BP1,13.5212,9.19766,14.5405,4.505014,10.4725,10.0373,6.182261,9.98087,10.68469,9.584981,1.55968,1.67854,1.65945,2.3363,1.90926,1.43878
SRP72,12.0504,10.329,9.86415,5.436494,8.412575,5.581544,5.732489,8.18501,6.739425,6.630072,1.94012,1.71024,2.20604,1.84881,1.96618,1.86671
SSX4B,13.673,23.943,25.2933,5.105313,10.50185,9.958515,5.405261,9.605314,10.47321,10.71288,1.96153,2.07425,2.40681,2.17721,1.84045,1.98253
THOC5,10.1442,7.34073,17.4044,7.546428,10.93548,11.14627,7.530562,10.89554,9.694529,10.31284,1.62791,1.84277,2.29643,2.60507,1.74214,2.08722
ACOX1,13.1251,15.6602,18.866,6.844225,8.487684,7.785128,6.800044,8.25178,8.630988,8.166136,1.87719,2.19746,2.30207,3.4657,2.02321,2.10112
AQP4,13.5287,21.8251,21.4368,3.074018,2.919627,2.333678,3.458298,2.412827,2.298405,2.368085,1.88762,2.0087,1.85166,1.90799,2.0301,1.86673
RANBP3,11.862,18.7293,14.4132,2.436675,2.559648,2.255761,2.277896,2.316996,2.197102,2.06608,4.3834,4.83262,3.97388,4.97115,4.57325,4.40923
SHOX2,6.92153,8.42674,8.35453,4.936129,8.087667,8.119543,3.678695,7.474013,5.628345,6.760138,2.75202,2.08956,2.38673,2.58403,2.64755,2.13298
PDLIM3,7.4933,4.73597,7.28868,5.430329,3.885497,3.599682,4.664722,4.410622,3.521795,3.75177,1.96281,1.6244,2.04438,2.45991,2.06311,1.95682
CREM,9.58017,10.2509,9.68053,8.07481,8.250373,7.833163,6.801372,9.900666,9.302377,10.01165,1.43837,1.94597,2.16155,4.03597,2.25816,2.21928
RGS13,5.26669,10.2858,5.55871,8.112555,6.359403,5.786482,7.539242,6.521318,6.407641,6.928066,1.79278,1.76512,1.86695,2.315,1.76512,2.11136
MAB21L2,12.2734,10.0683,11.7277,4.481896,3.425338,3.222887,4.088279,2.754667,2.618373,2.810984,1.79725,1.59914,1.82377,2.10102,1.946,1.80592
SGCD,8.85609,9.61022,7.43494,4.91036,3.728597,2.745124,4.668659,5.500867,6.814781,5.287625,1.56652,2.75141,1.63094,2.23216,1.67568,1.59573
PTHLH,9.1906,7.20953,6.02701,8.176658,5.84835,6.191403,7.444185,5.331032,5.339848,5.449184,3.31643,2.74652,2.52391,3.08783,2.76445,2.27316
PTGER3,12.387,188.826,17.4356,5.717404,4.612798,10.90296,6.507222,4.026238,4.778063,3.630116,1.79278,1.84368,1.9411,2.05765,1.68791,1.81971
CLTC,7.36806,6.42504,9.9927,3.669401,2.942422,2.982691,3.833548,2.76595,2.903539,2.731233,1.76471,2.00388,1.82908,2.50273,2.34536,1.74382
TNFSF11,14.887,24.8396,16.3026,9.48478,9.399125,10.85432,9.353415,9.850372,9.954024,9.038528,1.98895,1.76131,1.86156,2.6175,1.85162,1.76512
PAK5,11.9895,17.4918,12.9531,7.24214,7.680048,8.158245,8.105744,7.031833,7.49166,6.708038,1.58733,1.5424,2.09135,1.79672,1.61405,1.28434
NPY2R,7.72975,8.94412,8.16895,3.656449,8.138292,7.949231,2.910461,7.576975,8.23229,8.1784,1.72579,1.5193,1.8429,1.82195,2.48625,2.08956
SLC4A4,13.8152,10.6125,10.6754,5.475765,5.174633,9.215925,6.070783,7.017518,7.664153,7.623452,1.74835,1.71321,1.68865,2.47466,2.04106,1.76512
DIMT1,10.8229,13.5505,18.2065,5.99609,4.917295,5.922432,6.737325,7.282974,6.501188,6.782105,1.8673,2.10136,2.02938,2.92088,2.29883,2.45977
ZEB1,8.73653,8.72506,9.67656,7.656682,10.37512,10.0357,8.25437,10.14621,9.430822,10.24904,1.50949,1.49878,1.84618,1.98911,1.99405,1.98953
PHLPP1,12.3478,15.1529,10.7431,6.982906,9.413589,9.189904,6.870324,9.274091,10.3144,10.02597,2.10378,2.01366,1.69425,2.00811,2.53761,2.23696
TSC22D2,9.20082,8.90593,8.60403,6.714213,5.559715,5.38996,7.060919,6.103368,6.758061,5.502905,2.35001,2.25352,2.64006,3.36705,3.03836,2.66921
COBLL1,13.3067,22.6232,19.8846,4.48531,8.327497,4.233057,4.047513,7.89506,6.386007,8.537908,1.67039,1.90846,1.84988,2.40777,1.84425,1.90799
KCNH6,2.00297,4.04946,4.36922,6.502135,9.976601,9.628344,7.975786,9.832712,8.940994,9.086181,1.99633,2.3489,1.89923,3.77711,1.77529,1.9447
EPHA3,4.99822,6.37516,7.25404,4.745568,7.488111,9.503848,6.237613,8.8795,10.28902,9.443239,1.99639,1.83879,1.72341,2.06527,1.86516,1.67195
PPP1R3A,14.0343,13.0367,15.2983,5.33896,4.258225,3.648921,4.882471,2.81874,3.479485,3.326036,1.54119,1.62376,1.6173,3.17591,1.43457,1.58578
ADAM7,5.41394,5.02421,11.0928,6.116759,4.957489,5.005717,5.776364,4.529769,4.598039,4.654935,1.67524,1.76916,2.18052,2.40039,1.8641,1.80563
GAD2,9.58676,8.46779,5.61432,4.606042,8.42882,8.559322,5.605893,8.84341,9.460176,8.405254,1.75422,1.55831,1.28352,1.84756,1.57309,1.72289
KCNJ13,14.4196,21.3305,21.2561,5.005748,3.895065,4.54708,4.057749,4.427338,3.962269,4.446976,1.63793,1.54788,1.76627,2.09745,1.69016,1.79373
MYOZ2,5.28348,9.4775,5.53716,4.824883,7.114878,4.202945,4.701271,4.357328,4.847323,8.394343,2.00314,1.88845,2.30742,1.98423,2.20604,2.73222
PDLIM5,11.7279,11.1003,18.8432,7.50025,8.367661,8.053247,6.281798,8.681976,8.257876,9.090058,1.69785,1.73027,1.7966,2.80784,2.43753,1.74259
CD28,12.3138,14.6152,21.8583,3.446266,4.978436,5.06377,4.105684,3.597225,2.743501,3.499371,2.00818,2.12853,1.74067,2.49815,2.22407,2.08956
ZNF471,12.8986,14.8633,18.4313,9.477829,10.96714,11.307,10.28585,11.39832,12.27853,12.02857,2.30374,1.94361,2.48386,2.67443,2.38758,1.91722
NUDT4,12.2286,12.1016,6.56213,6.920339,10.60287,9.918968,7.060919,10.36454,10.15202,10.00929,2.12737,2.33788,1.71171,2.93127,3.09283,1.80187
CNR1,8.39355,11.2132,4.52615,6.675487,8.983637,8.535907,7.20944,8.761272,9.457567,8.449795,1.94012,1.94233,2.2327,2.05041,3.40139,2.46337
CREBZF,10.2024,8.50154,6.42484,8.562506,7.690584,8.37674,7.851556,7.366144,5.701095,7.448595,1.71113,1.6534,1.65346,2.18483,1.946,1.76512
PCSK5,8.85205,24.3878,14.5396,4.315543,3.011637,2.914564,4.234605,2.217372,2.937256,2.221746,4.82651,3.44867,3.7636,2.88161,4.61732,4.60341
ATRNL1,14.517,12.0482,7.35211,6.035655,4.313285,10.12973,5.744524,5.96012,5.07293,6.503675,1.8318,2.02701,1.91915,2.14017,2.40178,1.81199
RAD23B,14.8228,16.7109,17.8282,10.2431,12.79572,12.68827,11.60563,12.60471,12.46951,13.06666,2.23043,2.46693,2.28395,2.41218,2.20604,2.46139
TPH1,13.6254,14.669,18.989,5.152193,5.593822,6.088829,5.569506,6.133591,5.914848,6.37287,2.13905,2.00385,1.81273,2.03033,2.15306,1.69972
TSPAN2,12.6429,6.71133,37.5723,6.964869,8.827917,8.01256,7.262167,9.363765,10.03637,9.615982,2.27648,1.91689,2.37829,2.46666,1.86119,1.93773
SBSPON,11.3363,126.587,15.0846,7.359242,5.857244,5.361505,6.856935,5.024867,4.531259,5.267465,2.32998,2.24427,2.62567,2.0834,3.33077,2.38952
PWAR5,10.1944,9.9349,7.76391,6.342256,5.580351,5.271956,6.892014,5.28419,5.935374,6.156369,1.82599,1.91013,1.39199,3.34054,2.28983,2.28983
ZNF780B,8.34655,12.598,9.14234,3.9112,2.938342,3.361872,3.412562,2.910015,2.574542,3.035013,1.54119,1.70225,2.18297,1.95848,1.88646,1.75545
POSTN,4.79868,3.29206,3.73029,6.695574,9.140867,8.018195,5.927577,8.782231,8.811849,9.433681,1.57928,1.68452,1.92831,1.63096,1.8035,1.96935
SRSF11P1,13.295,7.13156,8.37115,6.46602,5.428457,5.8731,5.227722,4.911927,5.467113,4.958162,6.10266,6.08811,6.03505,7.25461,6.73717,6.74416
KCND3,14.6418,9.62148,14.7953,9.473372,7.535314,6.984255,8.218917,6.70548,7.624727,5.842899,1.57102,1.40976,1.63544,3.85916,1.78154,1.65681
DENND5B,10.1198,24.6691,12.3221,6.576407,6.756785,6.046808,5.882034,6.062994,4.912411,6.240326,3.08283,3.67185,2.71847,3.30884,3.31158,3.74258
MCF2L2,6.66587,10.5858,4.09281,4.67454,7.289361,7.981286,4.653517,9.812588,7.150609,8.442754,2.08774,2.08086,2.08981,2.11966,2.05579,1.8956
RAG2,7.47345,8.76312,9.47298,6.525376,5.734252,5.084567,7.545597,7.40422,5.699134,4.818138,1.38333,1.53957,1.77701,2.80344,1.81186,1.95244
TIMM17A,2.09497,1.73367,2.61577,10.32628,7.589728,6.952655,9.58836,4.464894,6.221248,5.570127,1.93477,1.52821,2.10048,2.59568,1.54647,1.65309
NUP54,6.08334,7.67604,4.29202,6.677736,5.3404,6.191403,6.582439,6.375948,6.504148,7.482256,1.72187,1.76916,1.68119,2.71188,1.96315,2.19643
SYCE1L,11.9153,6.53103,10.9074,9.65551,8.31976,7.419744,11.46554,10.54561,9.938995,10.43865,1.76921,1.71787,2.168,4.54512,1.79845,1.91448
ZNF674,3.35734,3.11711,3.30132,5.869972,6.227115,5.946899,6.732052,5.554173,5.578621,5.639393,1.73879,1.50333,1.70985,2.71188,1.84768,1.6583
AREG,12.5531,11.769,27.1518,5.995898,9.681328,7.283441,5.634914,9.036804,9.093973,9.164953,1.81011,1.76916,2.41369,2.37355,1.92659,1.93065
DTNB-AS1,13.3142,18.3487,17.0078,6.02945,4.404466,4.719668,6.481337,4.015015,4.617728,4.369455,3.67721,1.69611,1.97571,3.6123,2.43217,2.02301
SPATS2L,11.9616,11.0556,19.3825,5.627284,8.187379,6.191403,5.882034,6.738043,6.717793,7.211469,1.65022,1.66509,1.59569,2.02819,1.92997,1.90584
TEF,6.65034,5.80242,2.38465,6.817717,3.841992,4.833414,5.691302,3.303801,4.20642,5.010312,1.68812,1.68292,1.63926,1.78429,1.78429,1.68024
FLG,12.1689,10.3321,26.1059,3.539086,2.111559,2.493867,3.018866,2.435269,2.115278,1.941062,2.10144,1.81486,4.01239,2.09318,1.946,1.75824
RBM26,12.8483,6.22534,7.82841,6.478106,9.954882,8.423046,6.416618,9.784357,9.340761,9.317252,1.77846,1.63784,2.03517,2.71767,1.92679,2.09535
OR7E2P,13.2972,8.73086,16.3227,3.588568,8.752192,7.539653,3.465086,8.400507,6.481947,7.791925,1.79278,1.73638,2.13265,2.29671,2.02208,1.86122
RADX,9.64416,11.8657,10.6196,7.066667,8.688459,8.334714,6.623999,9.002958,8.615501,8.834082,1.82048,1.92799,1.8491,1.88084,1.80622,1.67329
ITGB1,11.5441,8.74255,11.599,8.555035,6.747863,6.106202,8.105822,5.454801,6.176131,5.346177,1.45581,1.55906,1.79471,2.64778,1.74214,1.62697
ZNF81,10.1246,14.9636,34.2896,4.164434,3.357783,3.608704,4.667532,3.698447,3.600812,3.381676,1.66128,1.70311,1.65735,2.00756,1.71844,1.56092
REPS1,9.93083,6.67531,13.1551,6.032179,6.206009,6.291118,6.723177,8.388563,9.86245,8.926998,3.6253,3.35814,3.11058,3.29515,3.71651,3.70018
LINC01361,9.46115,13.3709,28.0412,8.462052,10.05804,10.75993,8.283685,10.57093,10.37787,10.54756,2.18362,1.71721,2.02938,2.50712,2.04005,2.06723
SERPINB13,11.9521,19.0881,10.2375,5.919106,11.47857,10.66165,7.060919,10.95718,9.903928,11.01224,1.81291,1.75279,1.80493,1.674,1.99615,1.8263
CD4,14.1096,16.0058,24.578,5.989666,5.776214,5.246275,5.82266,6.496219,5.986754,8.232399,2.50347,1.91071,2.09667,2.69401,2.02969,2.71879
DDR1-DT,8.49267,4.70332,7.14485,10.49309,9.926963,9.965474,10.28799,10.21854,10.99481,9.20044,1.63097,1.66415,1.69248,5.71936,1.98836,2.39188
TRIO,11.86,9.65558,10.1055,5.78421,4.546966,6.594879,5.331381,4.28887,4.716035,4.549119,1.79278,1.79981,1.76709,3.74416,1.90253,2.05933
VENTXP1,7.32835,10.5771,9.41884,7.342005,7.721015,7.938693,7.185023,7.573796,8.685228,7.621069,1.5332,1.6445,1.7189,2.33502,1.85543,1.7189
LOC105375061,6.59215,7.30246,10.7562,4.333227,4.78904,3.905592,5.999992,9.343058,10.50788,6.758217,2.26986,1.69357,2.21908,2.22173,2.45867,2.23115
CYLC1,10.7133,33.8531,19.2992,6.016068,5.296269,5.069403,6.304326,7.07971,9.40174,8.688487,1.98469,2.14758,2.00395,2.22867,1.88747,1.91045
LAMA2,14.4269,13.6536,10.4741,8.993057,7.910757,7.737473,7.862815,7.441936,7.977668,6.755121,1.82657,1.833,1.78125,2.84485,1.89683,1.73458
APC,9.33603,11.904,37.3514,9.746115,10.08239,11.09025,10.32872,11.7665,10.98855,11.42492,1.42795,1.77563,1.49636,1.90551,2.59287,1.92603
DES,9.0008,4.28679,6.70127,5.179837,4.729185,4.334427,5.24252,4.467783,4.111291,3.653116,1.76192,1.65337,1.94577,3.68735,2.21292,1.80662
KITLG,7.23231,8.94021,11.1724,3.230699,3.679782,4.650154,3.290805,2.996989,2.607521,2.355356,1.44503,1.61055,1.5648,1.68677,1.65457,1.74938
EPOR,13.4069,14.5277,16.3876,7.32079,5.881021,5.919477,7.262167,4.949265,4.619362,4.953726,1.79049,2.04018,2.47985,2.92042,2.07819,2.24286
KMT2B,3.32803,8.02266,4.00575,9.752789,6.846898,6.762832,9.545179,6.50644,8.343322,7.457577,1.70556,1.69412,1.6068,2.02723,1.72139,1.57577
CD300A,6.37483,9.86309,11.6099,6.819255,5.989248,6.191403,7.760291,6.51069,5.709184,5.510963,2.26736,2.27726,2.51565,2.51904,2.19692,2.09569
MTRF1L,12.1438,17.7983,3.61316,6.291914,6.171852,6.377691,6.970345,7.839688,7.442658,6.739863,2.85257,2.5103,2.79988,3.10435,2.51748,2.51702
LOC100287387,9.80476,6.05332,7.24353,6.803627,5.997594,6.342025,7.043695,5.626838,5.770998,6.150488,2.08956,2.08999,1.67801,2.62516,2.18081,2.09381
ASB4,13.2646,20.5176,13.7924,6.274024,4.653077,4.580958,5.267543,3.720901,4.168771,4.346862,1.54119,1.70229,2.09916,2.22173,1.64956,1.70996
OR2F2,5.0932,13.6417,5.19851,6.322959,5.736365,6.199145,6.363498,7.164836,5.969969,6.674974,1.84231,2.17607,2.11905,3.0273,1.91825,2.00922
ATXN3,1.74284,0,0.3076,5.08389,3.179446,2.64959,3.491743,2.545146,2.895091,3.724213,2.17155,2.1037,2.34041,2.58577,2.46684,2.35725
TRAV13-1,4.47749,3.00377,0,6.944752,5.121532,5.323936,6.943254,3.8438,3.919081,3.924066,2.48132,1.94616,1.79293,2.22173,1.75775,1.9459
COL10A1,5.91149,56.2378,95.1395,5.324426,4.195459,2.721739,6.130608,2.500514,3.200638,2.11931,3.58704,1.70195,1.94574,2.71188,1.94367,1.95641
B3GALT2,11.6381,10.1739,16.0947,9.30708,9.590654,10.43829,8.369414,10.12896,10.7121,10.4114,1.6328,1.47326,1.58974,2.53757,1.78586,2.06314
IGH,13.3467,22.0654,22.6679,2.593968,1.993154,2.36569,3.238528,2.174612,2.085834,1.71586,3.67721,3.34631,3.20127,3.66429,2.92799,2.89345
ZNF675,10.6075,15.3645,6.27105,5.954744,5.206428,4.92695,6.325749,3.612696,4.435831,3.678044,2.25729,2.14585,2.47166,1.90514,2.59307,1.8779
TUT4,7.04342,4.99096,10.3138,10.08836,6.842055,7.733937,9.898079,4.079445,6.110422,5.056007,1.97828,1.78389,1.87702,2.07296,1.79291,1.6966
ZFAND5,14.9621,12.6727,17.4539,7.466103,4.807726,6.067201,7.772882,5.319139,5.306271,4.622667,4.10711,4.60562,4.12961,3.56524,5.06628,5.44219
KLHL41,13.7898,12.286,22.0126,4.492626,6.661818,6.512137,3.665918,3.511005,6.815763,6.748306,2.44793,5.35345,2.8907,2.76383,6.22351,5.59893
RNF128,7.7052,14.5374,15.6154,6.457479,3.654457,4.060988,7.35944,6.261552,3.339966,3.024058,2.54038,2.53692,2.20604,3.19339,3.38663,2.18351
DESI2,10.6469,12.5447,40.3618,4.155001,5.324542,5.291114,5.037589,6.09481,3.686602,4.59884,2.01695,1.62316,1.51137,1.75533,1.57043,1.63049
OLAH,13.0712,10.6473,17.4173,3.469686,2.454749,2.215327,3.033456,2.19045,2.00541,2.183961,1.91454,1.72925,1.76535,3.64544,2.5103,2.15063
ZNF750,9.81926,37.3516,44.584,3.954817,7.976447,8.207395,3.551695,8.754265,9.510214,10.03234,1.77814,1.92522,1.69027,1.5556,1.63963,1.72836
PRR16,10.4942,18.6762,13.9553,2.2216,2.363967,4.309914,2.947722,3.649454,4.985482,2.974988,1.93707,2.01904,1.94255,2.06924,2.39811,2.02286
MRPS18C,8.51119,0,6.80893,5.160744,4.15545,3.760862,4.651204,3.321157,3.333655,3.598445,2.22471,2.18957,2.02938,2.20376,2.34212,1.78878
STEAP4,12.8441,21.8774,23.7759,8.128154,7.331641,7.433924,8.035128,7.518153,6.112615,7.894817,1.94012,2.18334,2.02834,3.30241,2.17182,1.72584
SLC12A1,7.97994,5.79645,10.3104,6.323203,5.469462,5.473249,5.959789,5.997379,5.821744,8.728998,1.9136,1.50398,1.60978,1.66611,2.15709,1.71247
VGLL3,8.10504,4.74546,10.8714,3.4908,2.948166,8.352998,4.77904,8.072527,8.58979,8.883676,1.85537,1.93649,1.58979,2.42661,1.98771,1.6315
LRRTM4,14.9773,20.7055,21.0464,3.416449,2.937295,2.710488,3.87043,2.384541,2.301199,2.192365,1.63368,1.57409,1.86695,2.0144,1.74214,1.60361
CORIN,10.9814,16.7755,17.8401,4.047576,5.595815,6.154625,4.827126,7.670424,9.542583,9.851437,2.51787,1.76834,1.70702,2.95063,1.82697,1.62697
TRPC5,13.3018,14.0797,9.51553,4.859886,4.359858,3.708245,5.925106,3.58103,3.709365,3.641283,1.69292,1.94429,2.0804,2.70686,1.81261,2.17281
NAA16,11.6858,12.6371,11.0679,6.906316,5.385809,5.993398,7.107197,5.081548,5.551782,5.21659,1.80634,1.50395,1.61447,1.7508,1.98259,1.50716
ADAMTS20,14.822,22.1566,24.5051,8.840306,12.2435,11.83561,9.2543,11.73458,11.2969,12.26606,2.2519,1.67251,2.17273,2.26804,1.97178,2.00172
CWH43,9.33905,12.9768,9.50358,5.663812,7.517351,5.204482,6.737326,2.55499,2.820788,2.20018,2.17773,3.0305,2.38088,2.24235,6.27789,7.12814
SENP7,11.1479,10.3865,6.63057,3.819552,4.195459,3.543949,3.368827,5.168289,5.164422,4.970145,1.9697,2.42455,2.02938,2.71431,2.02786,1.76512
LINC00328,6.9079,22.6252,11.9734,6.52004,10.7701,10.36134,6.822931,10.88866,10.97596,11.28277,4.58147,1.55978,2.06226,2.33339,2.32481,2.22902
BPESC1,12.8212,14.4641,13.1412,7.352967,11.38358,11.10662,7.571204,10.76193,10.6735,10.66699,2.00559,1.72078,2.02938,2.32648,2.05075,1.41984
CLCA3P,8.51735,7.63801,4.35447,5.875479,8.231873,10.41829,5.653093,9.879304,9.810386,11.99815,1.41993,1.51852,1.65107,2.24147,1.83666,1.59331
KRTAP9-9,14.8121,16,33.5869,3.75813,9.196129,9.214168,3.243583,8.347366,6.778371,7.024639,1.54119,2.18518,1.9392,2.09903,1.74214,1.78816
SLC25A31,7.01865,9.5697,10.1192,8.639101,12.85793,12.34324,8.759624,12.26142,11.98961,12.31064,1.6583,1.91099,1.72341,1.83201,1.60011,1.93766
CAPN10,9.05723,6.83855,6.2562,5.229295,4.379833,4.474456,5.123676,4.271982,3.974359,4.470711,1.72193,2.16569,1.93657,2.66598,2.49653,1.80264
FEZF2,13.3496,23.2667,26.7877,8.672551,10.77154,10.8862,10.95207,10.90266,11.97712,8.613271,1.85325,1.62709,1.90618,2.71188,1.80261,1.73199
HRH4,11.5614,11.3873,22.1709,6.337537,6.167233,6.252635,6.380194,7.488102,7.33308,8.131716,2.25042,1.74115,1.96241,2.95088,1.80581,1.82141
ARHGEF26,13.3319,11.147,9.40345,5.927971,6.974908,8.098642,6.293611,9.579002,9.829419,11.33133,1.80907,1.93196,2.1622,2.71188,2.5103,1.62697
MYEF2,12.5716,5.09489,6.2058,7.797396,5.559599,8.464024,7.624626,3.346467,3.847091,3.024227,2.20027,1.76916,1.89981,2.29495,2.14575,2.09854
SPO11,2.88189,6.64555,11.7798,4.424282,4.451971,4.726524,3.471039,6.449732,8.012671,6.979154,1.66912,1.8001,1.86833,3.07603,2.02327,2.05502
LIMD1,3.39201,6.50924,8.4765,4.483162,5.517316,5.084567,4.749036,4.866847,6.241037,5.553813,2.41369,2.16472,2.41369,2.55871,2.67981,2.44544
TLK1,6.49267,15.1163,10.1264,6.437634,6.86356,7.332813,6.076076,7.655023,9.049955,9.637522,1.43507,1.62385,1.43841,2.66158,1.57043,1.57667
TMEM87A,11.7964,10.1212,8.67432,6.021089,7.18874,6.37603,6.901671,5.117115,5.339848,5.108393,1.74186,1.70013,1.71964,2.2938,2.09715,1.87281
ANKRD20A3P,5.11559,6.6214,25.1032,6.035655,8.90273,9.176041,5.550867,9.38977,9.153935,8.935592,1.49321,1.38137,1.87765,3.52474,2.07791,1.95782
WNT16,13.4338,9.98966,11.1002,3.576469,2.571296,3.003748,4.819906,2.971742,2.375422,2.137635,2.1288,1.95917,1.90377,3.73355,2.20253,1.87807
SCN11A,3.79308,6.47284,1.23389,3.422082,9.447734,9.763066,6.011743,9.409616,7.937082,9.216926,2.9759,1.82419,1.80547,3.902,2.69455,1.96301
NLN,14.8099,13.0539,15.5513,6.393695,9.637287,9.409397,7.575529,9.011181,9.374496,9.610802,1.70501,1.91102,1.83242,2.5096,2.23,1.91862
